,country,year,CO2PerCapita
0,China,1960,1.17038137226978
1,"Hong Kong SAR, China",1960,0.960982310797388
2,"Macao SAR, China",1960,0.299423758865248
3,United States,1960,15.9997791565885
4,China,1961,0.836046900792028
5,"Hong Kong SAR, China",1961,1.0648780025883
6,"Macao SAR, China",1961,0.397824535358438
7,United States,1961,15.6812555160569
8,China,1962,0.661428164381093
9,"Hong Kong SAR, China",1962,1.11501119448142
10,"Macao SAR, China",1962,0.526678635547576
11,United States,1962,16.0139374979897
12,China,1963,0.640001899360285
13,"Hong Kong SAR, China",1963,1.24237861381508
14,"Macao SAR, China",1963,0.563546949439066
15,United States,1963,16.4827621458239
16,China,1964,0.625646053941047
17,"Hong Kong SAR, China",1964,1.20538263995891
18,"Macao SAR, China",1964,0.649772431564932
19,United States,1964,16.9681185789701
20,China,1965,0.665524211218076
21,"Hong Kong SAR, China",1965,1.33617860418577
22,"Macao SAR, China",1965,0.63801652892562
23,United States,1965,17.4517252487095
24,China,1966,0.710891381561055
25,"Hong Kong SAR, China",1966,1.42340092013554
26,"Macao SAR, China",1966,0.693249044371591
27,United States,1966,18.1210730107855
28,China,1967,0.574162146975018
29,"Hong Kong SAR, China",1967,1.62723863758461
30,"Macao SAR, China",1967,0.726113052125778
31,United States,1967,18.5983178821611
32,China,1968,0.60545199674633
33,"Hong Kong SAR, China",1968,1.63162069056197
34,"Macao SAR, China",1968,0.711351205462006
35,United States,1968,19.0893891562783
36,China,1969,0.725149509123457
37,"Hong Kong SAR, China",1969,2.00817101891871
38,"Macao SAR, China",1969,0.687627899392605
39,United States,1969,19.85794566231
40,China,1970,0.942934534989582
41,"Hong Kong SAR, China",1970,2.12202500631473
42,"Macao SAR, China",1970,0.818145236795659
43,United States,1970,21.1112522725943
44,China,1971,1.04223969658961
45,"Hong Kong SAR, China",1971,2.26439720169085
46,"Macao SAR, China",1971,0.895514040042382
47,United States,1971,20.9802034758573
48,China,1972,1.08067663654397
49,"Hong Kong SAR, China",1972,2.25163546415753
50,"Macao SAR, China",1972,0.908522821119859
51,United States,1972,21.7486419846019
52,China,1973,1.09819569131687
53,"Hong Kong SAR, China",1973,2.19158925877028
54,"Macao SAR, China",1973,0.884680337756333
55,United States,1973,22.5105821272339
56,China,1974,1.09736711056811
57,"Hong Kong SAR, China",1974,2.43919411576591
58,"Macao SAR, China",1974,1.06841349032129
59,United States,1974,21.5029303777343
60,China,1975,1.25012409495905
61,"Hong Kong SAR, China",1975,2.46981688183611
62,"Macao SAR, China",1975,1.19666173810397
63,United States,1975,20.4022240696754
64,China,1976,1.28528313553995
65,"Hong Kong SAR, China",1976,2.76851195219123
66,"Macao SAR, China",1976,1.02890429619991
67,United States,1976,21.1576153736785
68,China,1977,1.38884289658754
69,"Hong Kong SAR, China",1977,3.10483386783603
70,"Macao SAR, China",1977,1.26381349777827
71,United States,1977,21.5324840060117
72,China,1978,1.52920110964112
73,"Hong Kong SAR, China",1978,3.37513272629888
74,"Macao SAR, China",1978,1.70904239084707
75,United States,1978,21.9730046948357
76,China,1979,1.5426750986837
77,"Hong Kong SAR, China",1979,3.2223956833073
78,"Macao SAR, China",1979,1.70471833564402
79,United States,1979,21.7804369776277
80,China,1980,1.49525074931082
81,"Hong Kong SAR, China",1980,3.29103671663605
82,"Macao SAR, China",1980,2.14447928004029
83,United States,1980,20.7864877412257
84,China,1981,1.46043181655825
85,"Hong Kong SAR, China",1981,3.60587625882625
86,"Macao SAR, China",1981,2.12235885482324
87,United States,1981,19.7667641742132
88,China,1982,1.56673968353113
89,"Hong Kong SAR, China",1982,3.74257593313705
90,"Macao SAR, China",1982,1.85513622897352
91,United States,1982,18.5904952301609
92,China,1983,1.62905590778943
93,"Hong Kong SAR, China",1983,3.93174627228677
94,"Macao SAR, China",1983,2.5105898981868
95,United States,1983,18.5715437097933
96,China,1984,1.75044806018373
97,"Hong Kong SAR, China",1984,4.13988736360436
98,"Macao SAR, China",1984,2.13293874615753
99,United States,1984,18.9767502682074
100,China,1985,1.87105479144466
101,"Hong Kong SAR, China",1985,4.21797074887284
102,"Macao SAR, China",1985,2.47584581833895
103,United States,1985,18.8823127427246
104,China,1986,1.93943425697654
105,"Hong Kong SAR, China",1986,4.65161930275495
106,"Macao SAR, China",1986,2.83421510481007
107,United States,1986,18.7207227161615
108,China,1987,2.03841068876927
109,"Hong Kong SAR, China",1987,5.06631484633993
110,"Macao SAR, China",1987,3.01174629247958
111,United States,1987,19.3503344229412
112,China,1988,2.1509052249848
113,"Hong Kong SAR, China",1988,5.23894377709859
114,"Macao SAR, China",1988,2.87071069676621
115,United States,1988,20.0104134086438
116,China,1989,2.15307791087471
117,"Hong Kong SAR, China",1989,5.33714818332102
118,"Macao SAR, China",1989,2.95702892956865
119,United States,1989,20.0757697786637
120,China,1990,2.16770307659104
121,"Hong Kong SAR, China",1990,4.79162380576738
122,"Macao SAR, China",1990,2.87459935786065
123,United States,1990,19.3233681671961
124,China,1991,2.24590127565651
125,"Hong Kong SAR, China",1991,4.97901077885953
126,"Macao SAR, China",1991,2.9575461995648
127,United States,1991,19.0622366580889
128,China,1992,2.31420729031649
129,"Hong Kong SAR, China",1992,5.70548659598311
130,"Macao SAR, China",1992,2.87304095564043
131,United States,1992,19.1455557591399
132,China,1993,2.44280065934625
133,"Hong Kong SAR, China",1993,5.92524063718014
134,"Macao SAR, China",1993,3.08566620178111
135,United States,1993,19.3634625825738
136,China,1994,2.56599389177193
137,"Hong Kong SAR, China",1994,5.18328147264473
138,"Macao SAR, China",1994,3.27592059890296
139,United States,1994,19.3765564368401
140,China,1995,2.75575496636525
141,"Hong Kong SAR, China",1995,5.1120342424587
142,"Macao SAR, China",1995,3.11980153541519
143,United States,1995,19.2956598592449
144,China,1996,2.84430958153669
145,"Hong Kong SAR, China",1996,4.52541589620076
146,"Macao SAR, China",1996,3.49297561144138
147,United States,1996,19.5278905060989
148,China,1997,2.82056789057578
149,"Hong Kong SAR, China",1997,4.7314488465628
150,"Macao SAR, China",1997,3.64002465833881
151,United States,1997,19.7142757383819
152,China,1998,2.67674598026467
153,"Hong Kong SAR, China",1998,5.97539939178141
154,"Macao SAR, China",1998,3.73870967741935
155,United States,1998,19.615154599897
156,China,1999,2.64864924664833
157,"Hong Kong SAR, China",1999,6.46588708090517
158,"Macao SAR, China",1999,3.60280457306181
159,United States,1999,19.7478147792431
160,China,2000,2.69686243322549
161,"Hong Kong SAR, China",2000,6.06746826706677
162,"Macao SAR, China",2000,3.78665314523729
163,United States,2000,20.2076147591466
164,China,2001,2.74212081298895
165,"Hong Kong SAR, China",2001,5.65317561026466
166,"Macao SAR, China",2001,3.8504136155293
167,United States,2001,19.6561932123448
168,China,2002,2.88522504139331
169,"Hong Kong SAR, China",2002,5.87722646461351
170,"Macao SAR, China",2002,3.43437090535776
171,United States,2002,19.6391957710047
172,China,2003,3.51224542766222
173,"Hong Kong SAR, China",2003,6.44182088310454
174,"Macao SAR, China",2003,3.40867302342298
175,United States,2003,19.5762390475548
176,China,2004,4.08013890554173
177,"Hong Kong SAR, China",2004,6.14851595783887
178,"Macao SAR, China",2004,3.76632379589994
179,United States,2004,19.683581350362
180,China,2005,4.4411506949345
181,"Hong Kong SAR, China",2005,6.43926319497446
182,"Macao SAR, China",2005,3.92432110289673
183,United States,2005,19.6102750390681
184,China,2006,4.89272709798477
185,"Hong Kong SAR, China",2006,6.13332502078138
186,"Macao SAR, China",2006,3.40154212387019
187,United States,2006,19.1161388237155
188,China,2007,5.15356401658718
189,"Hong Kong SAR, China",2007,6.3215362260168
190,"Macao SAR, China",2007,3.13131462693348
191,United States,2007,19.2374604467856
192,China,2008,5.41700211753249
193,"Hong Kong SAR, China",2008,6.32072364827963
194,"Macao SAR, China",2008,4.51802181858325
195,United States,2008,18.4892337521751
196,China,2009,5.7229120367171
197,"Hong Kong SAR, China",2009,6.04522788549794
198,"Macao SAR, China",2009,5.07776872105177
199,United States,2009,17.1923671443447
200,China,2010,6.55441795762145
201,"Hong Kong SAR, China",2010,5.80261168531648
202,"Macao SAR, China",2010,3.71071926917135
203,United States,2010,17.4848031479796
204,China,2011,7.23485871158296
205,"Hong Kong SAR, China",2011,6.193079501103
206,"Macao SAR, China",2011,4.31307597469827
207,United States,2011,17.0194385160343
208,China,2012,7.41895460781301
209,"Hong Kong SAR, China",2012,6.07254297934196
210,"Macao SAR, China",2012,4.07617572338072
211,United States,2012,16.28705288144
212,China,2013,7.55091648469846
213,"Hong Kong SAR, China",2013,6.26004730434783
214,"Macao SAR, China",2013,3.81511153829904
215,United States,2013,16.389757994879
