Entity,Year,"Country code","SO2 emissions per capita- ClioInfra"
Albania,1850,ALB,0.000431591
Albania,1860,ALB,0.000462546
Albania,1870,ALB,0.000478732
Albania,1880,ALB,0.000479573
Albania,1890,ALB,0.00045079
Albania,1900,ALB,0.000470082
Albania,1910,ALB,0.000450108
Albania,1920,ALB,0.000417001
Albania,1930,ALB,0.000505969
Albania,1940,ALB,0.003474877
Albania,1950,ALB,0.002740982
Albania,1960,ALB,0.012942082
Albania,1970,ALB,0.021844744
Albania,1980,ALB,0.030997403
Albania,1990,ALB,0.028353589
Albania,2000,ALB,0.004389581
Algeria,1850,DZA,0.0001
Algeria,1860,DZA,0.0001
Algeria,1870,DZA,0.0001
Algeria,1880,DZA,0.0001
Algeria,1890,DZA,0.000100002
Algeria,1900,DZA,0.000100039
Algeria,1910,DZA,0.000186245
Algeria,1920,DZA,0.000239619
Algeria,1930,DZA,0.00037817
Algeria,1940,DZA,0.000192754
Algeria,1950,DZA,0.001644545
Algeria,1960,DZA,0.003161866
Algeria,1970,DZA,0.008309782
Algeria,1980,DZA,0.007757017
Algeria,1990,DZA,0.005465757
Algeria,2000,DZA,0.006020337
Angola,1850,AGO,0.000113507
Angola,1860,AGO,0.000113316
Angola,1870,AGO,0.00011921
Angola,1880,AGO,0.000135327
Angola,1890,AGO,0.000153844
Angola,1900,AGO,0.000169925
Angola,1910,AGO,0.000178491
Angola,1920,AGO,0.000181302
Angola,1930,AGO,0.000183771
Angola,1940,AGO,0.000185916
Angola,1950,AGO,0.000252095
Angola,1960,AGO,0.001042454
Angola,1970,AGO,0.001714449
Angola,1980,AGO,0.001710523
Angola,1990,AGO,0.002756758
Angola,2000,AGO,0.00218073
Argentina,1850,ARG,0.000173622
Argentina,1860,ARG,0.000142324
Argentina,1870,ARG,0.000117922
Argentina,1880,ARG,0.000100128
Argentina,1890,ARG,0.002504436
Argentina,1900,ARG,0.002690867
Argentina,1910,ARG,0.007980355
Argentina,1920,ARG,0.003796131
Argentina,1930,ARG,0.006287614
Argentina,1940,ARG,0.005769713
Argentina,1950,ARG,0.00515752
Argentina,1960,ARG,0.005952138
Argentina,1970,ARG,0.006924123
Argentina,1980,ARG,0.005171102
Argentina,1990,ARG,0.00347125
Argentina,2000,ARG,0.003702885
Armenia,1850,ARM,0.000434426
Armenia,1860,ARM,0.0004175
Armenia,1870,ARM,0.000457354
Armenia,1880,ARM,0.000574015
Armenia,1890,ARM,0.000952049
Armenia,1900,ARM,0.001821824
Armenia,1910,ARM,0.001610334
Armenia,1920,ARM,0.000832248
Armenia,1930,ARM,0.00194104
Armenia,1940,ARM,0.003761771
Armenia,1950,ARM,0.003779317
Armenia,1960,ARM,0.009124839
Armenia,1970,ARM,0.017418625
Armenia,1980,ARM,0.026667979
Armenia,1990,ARM,0.023124879
Armenia,2000,ARM,0.004345411
Australia,1850,AUS,0.016253504
Australia,1860,AUS,0.020257603
Australia,1870,AUS,0.017836081
Australia,1880,AUS,0.019878661
Australia,1890,AUS,0.014563631
Australia,1900,AUS,0.032336826
Australia,1910,AUS,0.047296364
Australia,1920,AUS,0.031100472
Australia,1930,AUS,0.042998733
Australia,1940,AUS,0.055650897
Australia,1950,AUS,0.050857329
Australia,1960,AUS,0.082092235
Australia,1970,AUS,0.114016266
Australia,1980,AUS,0.11001039
Australia,1990,AUS,0.093262342
Australia,2000,AUS,0.123862497
Austria,1850,AUT,0.008112777
Austria,1860,AUT,0.016234974
Austria,1870,AUT,0.020559312
Austria,1880,AUT,0.049516298
Austria,1890,AUT,0.043856634
Austria,1900,AUT,0.064991124
Austria,1910,AUT,0.094982098
Austria,1920,AUT,0.019591354
Austria,1930,AUT,0.022883224
Austria,1940,AUT,0.012185742
Austria,1950,AUT,0.029682874
Austria,1960,AUT,0.047497255
Austria,1970,AUT,0.063656409
Austria,1980,AUT,0.050935261
Austria,1990,AUT,0.009678623
Austria,2000,AUT,0.003935182
Azerbaijan,1850,AZE,0.000347379
Azerbaijan,1860,AZE,0.000323351
Azerbaijan,1870,AZE,0.000339848
Azerbaijan,1880,AZE,0.000445295
Azerbaijan,1890,AZE,0.000889217
Azerbaijan,1900,AZE,0.001821605
Azerbaijan,1910,AZE,0.001532325
Azerbaijan,1920,AZE,0.000839364
Azerbaijan,1930,AZE,0.002440023
Azerbaijan,1940,AZE,0.004764514
Azerbaijan,1950,AZE,0.004443846
Azerbaijan,1960,AZE,0.012764137
Azerbaijan,1970,AZE,0.027909533
Azerbaijan,1980,AZE,0.009033066
Azerbaijan,1990,AZE,0.035244079
Azerbaijan,2000,AZE,0.024762478
Bahrain,1850,BHR,0.000205881
Bahrain,1860,BHR,0.000205881
Bahrain,1870,BHR,0.000197563
Bahrain,1880,BHR,0.000189581
Bahrain,1890,BHR,0.000181921
Bahrain,1900,BHR,0.00017457
Bahrain,1910,BHR,0.000139598
Bahrain,1920,BHR,0.000108363
Bahrain,1930,BHR,7.88592E-05
Bahrain,1940,BHR,0.002029972
Bahrain,1950,BHR,0.01407987
Bahrain,1960,BHR,0.007118012
Bahrain,1970,BHR,0.006087524
Bahrain,1980,BHR,0.017957863
Bahrain,1990,BHR,0.025485488
Bahrain,2000,BHR,0.103236822
Bangladesh,1850,BGD,0.0001644
Bangladesh,1860,BGD,0.000166241
Bangladesh,1870,BGD,0.000173903
Bangladesh,1880,BGD,0.000166347
Bangladesh,1890,BGD,0.000162883
Bangladesh,1900,BGD,0.000156117
Bangladesh,1910,BGD,0.000140946
Bangladesh,1920,BGD,0.000125776
Bangladesh,1930,BGD,0.000108872
Bangladesh,1940,BGD,9.2679E-05
Bangladesh,1950,BGD,7.72014E-05
Bangladesh,1960,BGD,7.73739E-05
Bangladesh,1970,BGD,7.3588E-05
Bangladesh,1980,BGD,0.000840314
Bangladesh,1990,BGD,0.000564855
Bangladesh,2000,BGD,0.000694639
Belarus,1850,BLR,0.00040874
Belarus,1860,BLR,0.000404332
Belarus,1870,BLR,0.000464143
Belarus,1880,BLR,0.000566748
Belarus,1890,BLR,0.000612225
Belarus,1900,BLR,0.000912018
Belarus,1910,BLR,0.001000657
Belarus,1920,BLR,0.000469369
Belarus,1930,BLR,0.001241502
Belarus,1940,BLR,0.004159069
Belarus,1950,BLR,0.01206666
Belarus,1960,BLR,0.02695328
Belarus,1970,BLR,0.047991951
Belarus,1980,BLR,0.069103102
Belarus,1990,BLR,0.060784373
Belarus,2000,BLR,0.013567189
Belgium,1850,BEL,0.011684
Belgium,1860,BEL,0.017362585
Belgium,1870,BEL,0.027395993
Belgium,1880,BEL,0.030715387
Belgium,1890,BEL,0.036678132
Belgium,1900,BEL,0.042377929
Belgium,1910,BEL,0.047770612
Belgium,1920,BEL,0.040254319
Belgium,1930,BEL,0.096200777
Belgium,1940,BEL,0.058680873
Belgium,1950,BEL,0.069216911
Belgium,1960,BEL,0.079750293
Belgium,1970,BEL,0.117317702
Belgium,1980,BEL,0.08425133
Belgium,1990,BEL,0.02654873
Belgium,2000,BEL,0.01152545
Benin,1850,BEN,0.00021012
Benin,1860,BEN,0.000250861
Benin,1870,BEN,0.000274686
Benin,1880,BEN,0.000314587
Benin,1890,BEN,0.000342275
Benin,1900,BEN,0.000342275
Benin,1910,BEN,0.000310828
Benin,1920,BEN,0.00027938
Benin,1930,BEN,0.000247933
Benin,1940,BEN,0.000216485
Benin,1950,BEN,0.000185038
Benin,1960,BEN,0.000478176
Benin,1970,BEN,0.000650945
Benin,1980,BEN,0.00065249
Benin,1990,BEN,0.000442823
Benin,2000,BEN,0.001218781
Bolivia,1850,BOL,0.0001
Bolivia,1860,BOL,0.0001
Bolivia,1870,BOL,0.0001
Bolivia,1880,BOL,0.000100065
Bolivia,1890,BOL,0.000544469
Bolivia,1900,BOL,0.001117745
Bolivia,1910,BOL,0.002774872
Bolivia,1920,BOL,0.007327354
Bolivia,1930,BOL,0.000105459
Bolivia,1940,BOL,0.000369398
Bolivia,1950,BOL,0.0009249
Bolivia,1960,BOL,0.00198916
Bolivia,1970,BOL,0.003106131
Bolivia,1980,BOL,0.002842701
Bolivia,1990,BOL,0.002178459
Bolivia,2000,BOL,0.002467772
"Bosnia and Herzegovina",1850,BIH,0.0005
"Bosnia and Herzegovina",1860,BIH,0.0005
"Bosnia and Herzegovina",1870,BIH,0.0005
"Bosnia and Herzegovina",1880,BIH,0.0005
"Bosnia and Herzegovina",1890,BIH,0.0005
"Bosnia and Herzegovina",1900,BIH,0.0005
"Bosnia and Herzegovina",1910,BIH,0.000420793
"Bosnia and Herzegovina",1920,BIH,0.000341585
"Bosnia and Herzegovina",1930,BIH,0.000280164
"Bosnia and Herzegovina",1940,BIH,0.00018603
"Bosnia and Herzegovina",1950,BIH,0.00026516
"Bosnia and Herzegovina",1960,BIH,0.025843611
"Bosnia and Herzegovina",1970,BIH,0.041041259
"Bosnia and Herzegovina",1980,BIH,0.067337121
"Bosnia and Herzegovina",1990,BIH,0.109094801
"Bosnia and Herzegovina",2000,BIH,0.051302745
Botswana,1850,BWA,3.49676E-05
Botswana,1860,BWA,3.76262E-05
Botswana,1870,BWA,4.06321E-05
Botswana,1880,BWA,4.40629E-05
Botswana,1890,BWA,4.80336E-05
Botswana,1900,BWA,5.2724E-05
Botswana,1910,BWA,6.04634E-05
Botswana,1920,BWA,7.02222E-05
Botswana,1930,BWA,8.31187E-05
Botswana,1940,BWA,0.000101129
Botswana,1950,BWA,0.000127732
Botswana,1960,BWA,0.000132003
Botswana,1970,BWA,0.000130859
Botswana,1980,BWA,0.000245106
Botswana,1990,BWA,0.016735312
Botswana,2000,BWA,0.04555182
Brazil,1850,BRA,0.000213063
Brazil,1860,BRA,0.000213063
Brazil,1870,BRA,0.000213063
Brazil,1880,BRA,0.000213063
Brazil,1890,BRA,0.000213064
Brazil,1900,BRA,0.00021309
Brazil,1910,BRA,0.002073089
Brazil,1920,BRA,0.001612819
Brazil,1930,BRA,0.00200098
Brazil,1940,BRA,0.002572852
Brazil,1950,BRA,0.003921998
Brazil,1960,BRA,0.005959377
Brazil,1970,BRA,0.008099652
Brazil,1980,BRA,0.012842585
Brazil,1990,BRA,0.010986742
Brazil,2000,BRA,0.009959535
Brunei,1850,BRN,0.000280256
Brunei,1860,BRN,0.000294799
Brunei,1870,BRN,0.000297362
Brunei,1880,BRN,0.0003122
Brunei,1890,BRN,0.000380766
Brunei,1900,BRN,0.001947033
Brunei,1910,BRN,0.007501856
Brunei,1920,BRN,0.012140627
Brunei,1930,BRN,0.022941586
Brunei,1940,BRN,0.425060917
Brunei,1950,BRN,0.065544696
Brunei,1960,BRN,0.052789435
Brunei,1970,BRN,0.167274468
Brunei,1980,BRN,0.344926432
Brunei,1990,BRN,0.231438242
Brunei,2000,BRN,0.369712978
Bulgaria,1850,BGR,0.000101425
Bulgaria,1860,BGR,0.000101401
Bulgaria,1870,BGR,0.000101375
Bulgaria,1880,BGR,0.000107623
Bulgaria,1890,BGR,0.000796158
Bulgaria,1900,BGR,0.001633791
Bulgaria,1910,BGR,0.002668938
Bulgaria,1920,BGR,0.003569261
Bulgaria,1930,BGR,0.007377261
Bulgaria,1940,BGR,0.01027639
Bulgaria,1950,BGR,0.023340974
Bulgaria,1960,BGR,0.068661467
Bulgaria,1970,BGR,0.183410913
Bulgaria,1980,BGR,0.23133687
Bulgaria,1990,BGR,0.227579016
Bulgaria,2000,BGR,0.130473471
Cambodia,1850,KHM,0.000301493
Cambodia,1860,KHM,0.000301493
Cambodia,1870,KHM,0.000301493
Cambodia,1880,KHM,0.000301493
Cambodia,1890,KHM,0.000301493
Cambodia,1900,KHM,0.000301493
Cambodia,1910,KHM,0.000335148
Cambodia,1920,KHM,0.000368803
Cambodia,1930,KHM,0.000402459
Cambodia,1940,KHM,0.000436114
Cambodia,1950,KHM,0.000469769
Cambodia,1960,KHM,0.000503425
Cambodia,1970,KHM,0.000503424
Cambodia,1980,KHM,0.000493353
Cambodia,1990,KHM,0.000505907
Cambodia,2000,KHM,0.000802868
Cameroon,1850,CMR,0.000101495
Cameroon,1860,CMR,0.000115232
Cameroon,1870,CMR,0.000127471
Cameroon,1880,CMR,0.000147092
Cameroon,1890,CMR,0.00016369
Cameroon,1900,CMR,0.000182129
Cameroon,1910,CMR,0.000196708
Cameroon,1920,CMR,0.000211288
Cameroon,1930,CMR,0.000225868
Cameroon,1940,CMR,0.000240448
Cameroon,1950,CMR,0.000347753
Cameroon,1960,CMR,0.00058011
Cameroon,1970,CMR,0.000892557
Cameroon,1980,CMR,0.00129657
Cameroon,1990,CMR,0.001268989
Cameroon,2000,CMR,0.006732502
Canada,1850,CAN,0.001696401
Canada,1860,CAN,0.002383473
Canada,1870,CAN,0.003840078
Canada,1880,CAN,0.010316293
Canada,1890,CAN,0.021940385
Canada,1900,CAN,0.036100442
Canada,1910,CAN,0.086135513
Canada,1920,CAN,0.119416407
Canada,1930,CAN,0.168870332
Canada,1940,CAN,0.268135801
Canada,1950,CAN,0.24006761
Canada,1960,CAN,0.235055813
Canada,1970,CAN,0.237255052
Canada,1980,CAN,0.164591447
Canada,1990,CAN,0.111168847
Canada,2000,CAN,0.072824545
Chile,1850,CHL,0.019505204
Chile,1860,CHL,0.028961958
Chile,1870,CHL,0.029561696
Chile,1880,CHL,0.030948605
Chile,1890,CHL,0.021475819
Chile,1900,CHL,0.016606726
Chile,1910,CHL,0.029733266
Chile,1920,CHL,0.058189593
Chile,1930,CHL,0.110092286
Chile,1940,CHL,0.149702664
Chile,1950,CHL,0.13347776
Chile,1960,CHL,0.15503616
Chile,1970,CHL,0.162997879
Chile,1980,CHL,0.188465422
Chile,1990,CHL,0.176219538
Chile,2000,CHL,0.074291956
China,1850,CHN,0.000374559
China,1860,CHN,0.000346762
China,1870,CHN,0.000383174
China,1880,CHN,0.00038349
China,1890,CHN,0.000377793
China,1900,CHN,0.000369622
China,1910,CHN,0.000844343
China,1920,CHN,0.000971171
China,1930,CHN,0.001188006
China,1940,CHN,0.002091231
China,1950,CHN,0.001992684
China,1960,CHN,0.013014523
China,1970,CHN,0.009143445
China,1980,CHN,0.012440212
China,1990,CHN,0.015327143
China,2000,CHN,0.017185734
Colombia,1850,COL,0.000178788
Colombia,1860,COL,0.000172722
Colombia,1870,COL,0.000178623
Colombia,1880,COL,0.000176903
Colombia,1890,COL,0.000184275
Colombia,1900,COL,0.000208742
Colombia,1910,COL,0.000199362
Colombia,1920,COL,0.000182237
Colombia,1930,COL,0.000715944
Colombia,1940,COL,0.002316531
Colombia,1950,COL,0.003212495
Colombia,1960,COL,0.005362684
Colombia,1970,COL,0.004873808
Colombia,1980,COL,0.003379055
Colombia,1990,COL,0.003783811
Colombia,2000,COL,0.003782335
Congo,1850,COG,6.99894E-05
Congo,1860,COG,6.9166E-05
Congo,1870,COG,6.70486E-05
Congo,1880,COG,6.49961E-05
Congo,1890,COG,7.15126E-05
Congo,1900,COG,8.19841E-05
Congo,1910,COG,0.000314407
Congo,1920,COG,0.000626247
Congo,1930,COG,0.001019241
Congo,1940,COG,0.001509997
Congo,1950,COG,0.002118189
Congo,1960,COG,0.008863559
Congo,1970,COG,0.014673201
Congo,1980,COG,0.012758704
Congo,1990,COG,0.010509363
Congo,2000,COG,0.059370124
"Costa Rica",1850,CRI,0.0001
"Costa Rica",1860,CRI,0.0001
"Costa Rica",1870,CRI,0.0001
"Costa Rica",1880,CRI,0.000101603
"Costa Rica",1890,CRI,0.000121603
"Costa Rica",1900,CRI,0.000139711
"Costa Rica",1910,CRI,0.000149037
"Costa Rica",1920,CRI,0.000158363
"Costa Rica",1930,CRI,0.000167689
"Costa Rica",1940,CRI,0.000177015
"Costa Rica",1950,CRI,0.002852874
"Costa Rica",1960,CRI,0.003538951
"Costa Rica",1970,CRI,0.005593984
"Costa Rica",1980,CRI,0.006392274
"Costa Rica",1990,CRI,0.005906878
"Costa Rica",2000,CRI,0.004936467
"Cote d'Ivoire",1850,CIV,0.000810922
"Cote d'Ivoire",1860,CIV,0.000961698
"Cote d'Ivoire",1870,CIV,0.000784695
"Cote d'Ivoire",1880,CIV,0.00066063
"Cote d'Ivoire",1890,CIV,0.000547855
"Cote d'Ivoire",1900,CIV,0.000444339
"Cote d'Ivoire",1910,CIV,0.000314522
"Cote d'Ivoire",1920,CIV,0.000260946
"Cote d'Ivoire",1930,CIV,0.000212838
"Cote d'Ivoire",1940,CIV,0.000169725
"Cote d'Ivoire",1950,CIV,0.000131169
"Cote d'Ivoire",1960,CIV,0.001243736
"Cote d'Ivoire",1970,CIV,0.00339747
"Cote d'Ivoire",1980,CIV,0.002402903
"Cote d'Ivoire",1990,CIV,0.001343932
"Cote d'Ivoire",2000,CIV,0.001989025
Croatia,1850,HRV,0.0005
Croatia,1860,HRV,0.000500024
Croatia,1870,HRV,0.000500262
Croatia,1880,HRV,0.000500945
Croatia,1890,HRV,0.000502593
Croatia,1900,HRV,0.000509568
Croatia,1910,HRV,0.000479113
Croatia,1920,HRV,0.000392518
Croatia,1930,HRV,0.000612371
Croatia,1940,HRV,0.000469382
Croatia,1950,HRV,0.000789633
Croatia,1960,HRV,0.00581217
Croatia,1970,HRV,0.024874309
Croatia,1980,HRV,0.03819504
Croatia,1990,HRV,0.037348173
Croatia,2000,HRV,0.015588673
Cuba,1850,CUB,0.005657194
Cuba,1860,CUB,0.000156743
Cuba,1870,CUB,0.00016377
Cuba,1880,CUB,0.000161343
Cuba,1890,CUB,0.00015694
Cuba,1900,CUB,0.000154969
Cuba,1910,CUB,0.003654112
Cuba,1920,CUB,0.005051956
Cuba,1930,CUB,0.00018568
Cuba,1940,CUB,0.000195916
Cuba,1950,CUB,0.009287642
Cuba,1960,CUB,0.024094459
Cuba,1970,CUB,0.030645521
Cuba,1980,CUB,0.030508914
Cuba,1990,CUB,0.033577178
Cuba,2000,CUB,0.028853142
Cyprus,1850,CYP,0.00013468
Cyprus,1860,CYP,0.000134958
Cyprus,1870,CYP,0.00012379
Cyprus,1880,CYP,0.000114513
Cyprus,1890,CYP,0.000647078
Cyprus,1900,CYP,0.001160592
Cyprus,1910,CYP,0.001875058
Cyprus,1920,CYP,0.000445606
Cyprus,1930,CYP,0.00116583
Cyprus,1940,CYP,0.001337157
Cyprus,1950,CYP,0.009864438
Cyprus,1960,CYP,0.024378687
Cyprus,1970,CYP,0.038100005
Cyprus,1980,CYP,0.045834044
Cyprus,1990,CYP,0.067591765
Cyprus,2000,CYP,0.033261227
"Czech Republic",1850,CZE,0.000617298
"Czech Republic",1860,CZE,0.001380706
"Czech Republic",1870,CZE,0.017698499
"Czech Republic",1880,CZE,0.067680659
"Czech Republic",1890,CZE,0.111164371
"Czech Republic",1900,CZE,0.136973529
"Czech Republic",1910,CZE,0.155144726
"Czech Republic",1920,CZE,0.121787998
"Czech Republic",1930,CZE,0.123940131
"Czech Republic",1940,CZE,0.182049105
"Czech Republic",1950,CZE,0.113666956
"Czech Republic",1960,CZE,0.193785978
"Czech Republic",1970,CZE,0.258413189
"Czech Republic",1980,CZE,0.219476438
"Czech Republic",1990,CZE,0.182077728
"Czech Republic",2000,CZE,0.025860694
"Democratic Republic of Congo",1850,COD,5.68139E-05
"Democratic Republic of Congo",1860,COD,6.14852E-05
"Democratic Republic of Congo",1870,COD,6.88992E-05
"Democratic Republic of Congo",1880,COD,7.97814E-05
"Democratic Republic of Congo",1890,COD,8.94236E-05
"Democratic Republic of Congo",1900,COD,9.99357E-05
"Democratic Republic of Congo",1910,COD,0.000100476
"Democratic Republic of Congo",1920,COD,0.000118789
"Democratic Republic of Congo",1930,COD,0.009394891
"Democratic Republic of Congo",1940,COD,0.01000912
"Democratic Republic of Congo",1950,COD,0.017634046
"Democratic Republic of Congo",1960,COD,0.019302362
"Democratic Republic of Congo",1970,COD,0.019272825
"Democratic Republic of Congo",1980,COD,0.013190455
"Democratic Republic of Congo",1990,COD,0.006762124
"Democratic Republic of Congo",2000,COD,0.000303262
Denmark,1850,DNK,0.00165465
Denmark,1860,DNK,0.002283074
Denmark,1870,DNK,0.004311538
Denmark,1880,DNK,0.006293277
Denmark,1890,DNK,0.009085333
Denmark,1900,DNK,0.014405377
Denmark,1910,DNK,0.018423759
Denmark,1920,DNK,0.015205271
Denmark,1930,DNK,0.026120623
Denmark,1940,DNK,0.019565747
Denmark,1950,DNK,0.042401831
Denmark,1960,DNK,0.07051592
Denmark,1970,DNK,0.121737684
Denmark,1980,DNK,0.088248573
Denmark,1990,DNK,0.034560668
Denmark,2000,DNK,0.005337947
"Dominican Republic",1850,DOM,0.000186359
"Dominican Republic",1860,DOM,0.000217419
"Dominican Republic",1870,DOM,0.000207066
"Dominican Republic",1880,DOM,0.000197205
"Dominican Republic",1890,DOM,0.000194381
"Dominican Republic",1900,DOM,0.00019177
"Dominican Republic",1910,DOM,0.000178182
"Dominican Republic",1920,DOM,0.000172259
"Dominican Republic",1930,DOM,0.000166746
"Dominican Republic",1940,DOM,0.000159315
"Dominican Republic",1950,DOM,0.001498692
"Dominican Republic",1960,DOM,0.003140101
"Dominican Republic",1970,DOM,0.006366972
"Dominican Republic",1980,DOM,0.010687636
"Dominican Republic",1990,DOM,0.009000877
"Dominican Republic",2000,DOM,0.011740091
Ecuador,1850,ECU,0.000213063
Ecuador,1860,ECU,0.000213063
Ecuador,1870,ECU,0.000213063
Ecuador,1880,ECU,0.000213105
Ecuador,1890,ECU,0.000213682
Ecuador,1900,ECU,0.000214892
Ecuador,1910,ECU,0.000201618
Ecuador,1920,ECU,0.000260418
Ecuador,1930,ECU,0.002122791
Ecuador,1940,ECU,0.00200374
Ecuador,1950,ECU,0.001968049
Ecuador,1960,ECU,0.003508661
Ecuador,1970,ECU,0.004920415
Ecuador,1980,ECU,0.010936492
Ecuador,1990,ECU,0.008762243
Ecuador,2000,ECU,0.007051963
Egypt,1850,EGY,8.5674E-05
Egypt,1860,EGY,0.0001
Egypt,1870,EGY,0.0001
Egypt,1880,EGY,0.000100001
Egypt,1890,EGY,0.000100006
Egypt,1900,EGY,0.000100124
Egypt,1910,EGY,8.58015E-05
Egypt,1920,EGY,0.000511452
Egypt,1930,EGY,0.000815539
Egypt,1940,EGY,0.002201245
Egypt,1950,EGY,0.005056793
Egypt,1960,EGY,0.006132217
Egypt,1970,EGY,0.005480423
Egypt,1980,EGY,0.008611342
Egypt,1990,EGY,0.011536919
Egypt,2000,EGY,0.007966648
"El Salvador",1850,SLV,0.000140657
"El Salvador",1860,SLV,0.000132647
"El Salvador",1870,SLV,0.0001285
"El Salvador",1880,SLV,0.000118336
"El Salvador",1890,SLV,0.000112482
"El Salvador",1900,SLV,0.000117865
"El Salvador",1910,SLV,0.000133559
"El Salvador",1920,SLV,0.000149252
"El Salvador",1930,SLV,0.000164946
"El Salvador",1940,SLV,0.000180639
"El Salvador",1950,SLV,0.001392681
"El Salvador",1960,SLV,0.002290034
"El Salvador",1970,SLV,0.003646691
"El Salvador",1980,SLV,0.002918928
"El Salvador",1990,SLV,0.002830534
"El Salvador",2000,SLV,0.005351147
Eritrea,1850,ERI,0.000104276
Eritrea,1860,ERI,9.98949E-05
Eritrea,1870,ERI,9.98949E-05
Eritrea,1880,ERI,9.98949E-05
Eritrea,1890,ERI,9.98949E-05
Eritrea,1900,ERI,9.98949E-05
Eritrea,1910,ERI,0.000102962
Eritrea,1920,ERI,0.000106029
Eritrea,1930,ERI,0.000109095
Eritrea,1940,ERI,0.000112162
Eritrea,1950,ERI,0.000115229
Eritrea,1960,ERI,0.000118079
Eritrea,1970,ERI,0.000117388
Eritrea,1980,ERI,0.000114228
Eritrea,1990,ERI,0.000113927
Eritrea,2000,ERI,0.001689289
Estonia,1850,EST,0.000456745
Estonia,1860,EST,0.000421717
Estonia,1870,EST,0.000444245
Estonia,1880,EST,0.000592009
Estonia,1890,EST,0.001199764
Estonia,1900,EST,0.002493464
Estonia,1910,EST,0.002028744
Estonia,1920,EST,0.001065687
Estonia,1930,EST,0.002918848
Estonia,1940,EST,0.005012516
Estonia,1950,EST,0.00408365
Estonia,1960,EST,0.167623403
Estonia,1970,EST,0.188743424
Estonia,1980,EST,0.209428837
Estonia,1990,EST,0.163882725
Estonia,2000,EST,0.083883772
Finland,1850,FIN,0.0015
Finland,1860,FIN,0.001797801
Finland,1870,FIN,0.002162229
Finland,1880,FIN,0.002145257
Finland,1890,FIN,0.005522178
Finland,1900,FIN,0.009806194
Finland,1910,FIN,0.017652567
Finland,1920,FIN,0.008070451
Finland,1930,FIN,0.029316291
Finland,1940,FIN,0.029212059
Finland,1950,FIN,0.07820998
Finland,1960,FIN,0.088202628
Finland,1970,FIN,0.128435493
Finland,1980,FIN,0.122187568
Finland,1990,FIN,0.049875252
Finland,2000,FIN,0.015548865
France,1850,FRA,0.002704892
France,1860,FRA,0.00460288
France,1870,FRA,0.005995919
France,1880,FRA,0.008830249
France,1890,FRA,0.010615703
France,1900,FRA,0.013838882
France,1910,FRA,0.017838305
France,1920,FRA,0.025543984
France,1930,FRA,0.035961074
France,1940,FRA,0.021328988
France,1950,FRA,0.037635917
France,1960,FRA,0.04186271
France,1970,FRA,0.066248814
France,1980,FRA,0.059518349
France,1990,FRA,0.024071983
France,2000,FRA,0.011324062
Gabon,1850,GAB,6.02201E-05
Gabon,1860,GAB,5.9208E-05
Gabon,1870,GAB,5.9208E-05
Gabon,1880,GAB,6.24204E-05
Gabon,1890,GAB,7.13751E-05
Gabon,1900,GAB,8.02701E-05
Gabon,1910,GAB,0.000114806
Gabon,1920,GAB,0.000170249
Gabon,1930,GAB,0.000238966
Gabon,1940,GAB,0.000323587
Gabon,1950,GAB,0.000427218
Gabon,1960,GAB,0.004604558
Gabon,1970,GAB,0.028624065
Gabon,1980,GAB,0.036702163
Gabon,1990,GAB,0.035940301
Gabon,2000,GAB,0.038405153
Georgia,1850,GEO,0.00054723
Georgia,1860,GEO,0.000512816
Georgia,1870,GEO,0.000554084
Georgia,1880,GEO,0.000695913
Georgia,1890,GEO,0.001117916
Georgia,1900,GEO,0.002105017
Georgia,1910,GEO,0.001819289
Georgia,1920,GEO,0.000883911
Georgia,1930,GEO,0.002065272
Georgia,1940,GEO,0.004234385
Georgia,1950,GEO,0.00455231
Georgia,1960,GEO,0.010372831
Georgia,1970,GEO,0.01887595
Georgia,1980,GEO,0.027506646
Georgia,1990,GEO,0.028065014
Georgia,2000,GEO,0.002813309
Germany,1850,DEU,0.003405718
Germany,1860,DEU,0.006919403
Germany,1870,DEU,0.011814424
Germany,1880,DEU,0.017645107
Germany,1890,DEU,0.025732453
Germany,1900,DEU,0.036039623
Germany,1910,DEU,0.043226768
Germany,1920,DEU,0.044037566
Germany,1930,DEU,0.050597484
Germany,1940,DEU,0.068560333
Germany,1950,DEU,0.059550934
Germany,1960,DEU,0.09522975
Germany,1970,DEU,0.103833265
Germany,1980,DEU,0.095978242
Germany,1990,DEU,0.067378273
Germany,2000,DEU,0.007759144
Ghana,1850,GHA,0.000142905
Ghana,1860,GHA,0.000160145
Ghana,1870,GHA,0.000178572
Ghana,1880,GHA,0.000207145
Ghana,1890,GHA,0.000233625
Ghana,1900,GHA,0.0002531
Ghana,1910,GHA,0.000232473
Ghana,1920,GHA,0.000211846
Ghana,1930,GHA,0.000191219
Ghana,1940,GHA,0.000170592
Ghana,1950,GHA,0.00070485
Ghana,1960,GHA,0.001384812
Ghana,1970,GHA,0.001933374
Ghana,1980,GHA,0.001570464
Ghana,1990,GHA,0.001337767
Ghana,2000,GHA,0.001676812
Greece,1850,GRC,0.000837892
Greece,1860,GRC,0.001029028
Greece,1870,GRC,0.001848936
Greece,1880,GRC,0.00134059
Greece,1890,GRC,0.00241747
Greece,1900,GRC,0.004081078
Greece,1910,GRC,0.004994658
Greece,1920,GRC,0.003250515
Greece,1930,GRC,0.006968152
Greece,1940,GRC,0.002505635
Greece,1950,GRC,0.006406635
Greece,1960,GRC,0.013113226
Greece,1970,GRC,0.032086826
Greece,1980,GRC,0.041483001
Greece,1990,GRC,0.046172923
Greece,2000,GRC,0.045038018
Guatemala,1850,GTM,0.0001
Guatemala,1860,GTM,0.0001
Guatemala,1870,GTM,0.0001
Guatemala,1880,GTM,0.0001
Guatemala,1890,GTM,0.0001
Guatemala,1900,GTM,0.0001
Guatemala,1910,GTM,0.000117704
Guatemala,1920,GTM,0.000135409
Guatemala,1930,GTM,0.000153113
Guatemala,1940,GTM,0.000170818
Guatemala,1950,GTM,0.00250397
Guatemala,1960,GTM,0.003989704
Guatemala,1970,GTM,0.004878775
Guatemala,1980,GTM,0.006519745
Guatemala,1990,GTM,0.002357217
Guatemala,2000,GTM,0.005208693
Haiti,1850,HTI,0.0001
Haiti,1860,HTI,0.0001
Haiti,1870,HTI,0.0001
Haiti,1880,HTI,0.000111816
Haiti,1890,HTI,0.000122366
Haiti,1900,HTI,0.000142507
Haiti,1910,HTI,0.000146117
Haiti,1920,HTI,0.000149727
Haiti,1930,HTI,0.000153336
Haiti,1940,HTI,0.000156946
Haiti,1950,HTI,0.000562891
Haiti,1960,HTI,0.000927477
Haiti,1970,HTI,0.000982388
Haiti,1980,HTI,0.000964339
Haiti,1990,HTI,0.001042621
Haiti,2000,HTI,0.000785205
Honduras,1850,HND,0.0001
Honduras,1860,HND,0.0001
Honduras,1870,HND,0.0001
Honduras,1880,HND,0.0001
Honduras,1890,HND,0.0001
Honduras,1900,HND,0.000107811
Honduras,1910,HND,0.000129979
Honduras,1920,HND,0.000152146
Honduras,1930,HND,0.000174314
Honduras,1940,HND,0.000196481
Honduras,1950,HND,0.001882368
Honduras,1960,HND,0.002717452
Honduras,1970,HND,0.003872856
Honduras,1980,HND,0.003531946
Honduras,1990,HND,0.003280411
Honduras,2000,HND,0.004697066
Hungary,1850,HUN,0.001343797
Hungary,1860,HUN,0.003921756
Hungary,1870,HUN,0.008674114
Hungary,1880,HUN,0.012802932
Hungary,1890,HUN,0.021088673
Hungary,1900,HUN,0.038065788
Hungary,1910,HUN,0.046577548
Hungary,1920,HUN,0.025053991
Hungary,1930,HUN,0.036883169
Hungary,1940,HUN,0.052924826
Hungary,1950,HUN,0.093931647
Hungary,1960,HUN,0.144736233
Hungary,1970,HUN,0.160818464
Hungary,1980,HUN,0.152510322
Hungary,1990,HUN,0.094536755
Hungary,2000,HUN,0.047867996
Iceland,1850,ISL,5.39651E-05
Iceland,1860,ISL,5.77613E-05
Iceland,1870,ISL,5.77613E-05
Iceland,1880,ISL,5.77613E-05
Iceland,1890,ISL,0.000110508
Iceland,1900,ISL,0.000216124
Iceland,1910,ISL,0.000635627
Iceland,1920,ISL,0.0010075
Iceland,1930,ISL,0.001824444
Iceland,1940,ISL,0.01016195
Iceland,1950,ISL,0.017270068
Iceland,1960,ISL,0.03403547
Iceland,1970,ISL,0.036939326
Iceland,1980,ISL,0.048211781
Iceland,1990,ISL,0.073524867
Iceland,2000,ISL,0.118689401
India,1850,IND,0.000150925
India,1860,IND,0.00016183
India,1870,IND,0.000166436
India,1880,IND,0.000185097
India,1890,IND,0.000228373
India,1900,IND,0.000358948
India,1910,IND,0.000611099
India,1920,IND,0.000833254
India,1930,IND,0.000965939
India,1940,IND,0.001022212
India,1950,IND,0.001141956
India,1960,IND,0.001855703
India,1970,IND,0.002014757
India,1980,IND,0.002416856
India,1990,IND,0.003829547
India,2000,IND,0.00514347
Indonesia,1850,IDN,0.000194756
Indonesia,1860,IDN,0.000178222
Indonesia,1870,IDN,0.000172287
Indonesia,1880,IDN,0.000174208
Indonesia,1890,IDN,0.000186105
Indonesia,1900,IDN,0.000340895
Indonesia,1910,IDN,0.00054955
Indonesia,1920,IDN,0.000673299
Indonesia,1930,IDN,0.000874869
Indonesia,1940,IDN,0.000963081
Indonesia,1950,IDN,0.000547488
Indonesia,1960,IDN,0.000752427
Indonesia,1970,IDN,0.000919678
Indonesia,1980,IDN,0.001404759
Indonesia,1990,IDN,0.001966422
Indonesia,2000,IDN,0.004927536
Iran,1850,IRN,0.00018116
Iran,1860,IRN,0.000208606
Iran,1870,IRN,0.00025412
Iran,1880,IRN,0.000259863
Iran,1890,IRN,0.000259863
Iran,1900,IRN,0.000259863
Iran,1910,IRN,0.000218201
Iran,1920,IRN,0.000635922
Iran,1930,IRN,0.000887546
Iran,1940,IRN,0.002005789
Iran,1950,IRN,0.010540316
Iran,1960,IRN,0.015094733
Iran,1970,IRN,0.017400305
Iran,1980,IRN,0.017115408
Iran,1990,IRN,0.021391793
Iran,2000,IRN,0.020310203
Iraq,1850,IRQ,0.000144087
Iraq,1860,IRQ,0.000146302
Iraq,1870,IRQ,0.000147404
Iraq,1880,IRQ,0.000148089
Iraq,1890,IRQ,0.000148443
Iraq,1900,IRQ,0.000148538
Iraq,1910,IRQ,0.000124036
Iraq,1920,IRQ,0.000132236
Iraq,1930,IRQ,0.001549764
Iraq,1940,IRQ,0.019896916
Iraq,1950,IRQ,0.003478503
Iraq,1960,IRQ,0.010881615
Iraq,1970,IRQ,0.013404579
Iraq,1980,IRQ,0.021931759
Iraq,1990,IRQ,0.02137828
Iraq,2000,IRQ,0.019389343
Ireland,1850,IRL,0.000355154
Ireland,1860,IRL,0.000390694
Ireland,1870,IRL,0.000400667
Ireland,1880,IRL,0.000401076
Ireland,1890,IRL,0.000391738
Ireland,1900,IRL,0.000360736
Ireland,1910,IRL,0.000304252
Ireland,1920,IRL,0.000370456
Ireland,1930,IRL,0.02339509
Ireland,1940,IRL,0.027768171
Ireland,1950,IRL,0.025294452
Ireland,1960,IRL,0.033541666
Ireland,1970,IRL,0.067044099
Ireland,1980,IRL,0.065274938
Ireland,1990,IRL,0.051951222
Ireland,2000,IRL,0.035984859
Israel,1850,ISR,0.000404741
Israel,1860,ISR,0.000407087
Israel,1870,ISR,0.000402975
Israel,1880,ISR,0.000398904
Israel,1890,ISR,0.000394875
Israel,1900,ISR,0.000390886
Israel,1910,ISR,0.00035457
Israel,1920,ISR,0.00029148
Israel,1930,ISR,0.000238362
Israel,1940,ISR,0.00019348
Israel,1950,ISR,0.008677972
Israel,1960,ISR,0.022461835
Israel,1970,ISR,0.042265401
Israel,1980,ISR,0.042959851
Israel,1990,ISR,0.06050969
Israel,2000,ISR,0.072730578
Italy,1850,ITA,0.000189852
Italy,1860,ITA,0.000202378
Italy,1870,ITA,0.001171698
Italy,1880,ITA,0.001970117
Italy,1890,ITA,0.00511327
Italy,1900,ITA,0.005942763
Italy,1910,ITA,0.008272601
Italy,1920,ITA,0.005089483
Italy,1930,ITA,0.00978442
Italy,1940,ITA,0.01050691
Italy,1950,ITA,0.011199878
Italy,1960,ITA,0.02894482
Italy,1970,ITA,0.073975304
Italy,1980,ITA,0.061040069
Italy,1990,ITA,0.031459506
Italy,2000,ITA,0.013195784
Jamaica,1850,JAM,0.0001
Jamaica,1860,JAM,0.0001
Jamaica,1870,JAM,0.0001
Jamaica,1880,JAM,0.0001
Jamaica,1890,JAM,0.0001
Jamaica,1900,JAM,0.0001
Jamaica,1910,JAM,0.000161483
Jamaica,1920,JAM,0.000222966
Jamaica,1930,JAM,0.00028445
Jamaica,1940,JAM,0.000345933
Jamaica,1950,JAM,0.000420744
Jamaica,1960,JAM,0.011666922
Jamaica,1970,JAM,0.032978094
Jamaica,1980,JAM,0.037170703
Jamaica,1990,JAM,0.041597116
Jamaica,2000,JAM,0.044221707
Japan,1850,JPN,0.000783291
Japan,1860,JPN,0.000776913
Japan,1870,JPN,0.000775153
Japan,1880,JPN,0.00145471
Japan,1890,JPN,0.002964379
Japan,1900,JPN,0.005823914
Japan,1910,JPN,0.010584615
Japan,1920,JPN,0.019320293
Japan,1930,JPN,0.020894187
Japan,1940,JPN,0.022438023
Japan,1950,JPN,0.013269648
Japan,1960,JPN,0.023474561
Japan,1970,JPN,0.051095158
Japan,1980,JPN,0.011276245
Japan,1990,JPN,0.007912507
Japan,2000,JPN,0.00698145
Jordan,1850,JOR,0.000393372
Jordan,1860,JOR,0.000444046
Jordan,1870,JOR,0.000555381
Jordan,1880,JOR,0.000519636
Jordan,1890,JOR,0.000463392
Jordan,1900,JOR,0.000371457
Jordan,1910,JOR,0.000248243
Jordan,1920,JOR,0.000173432
Jordan,1930,JOR,0.000130216
Jordan,1940,JOR,8.70009E-05
Jordan,1950,JOR,0.002609427
Jordan,1960,JOR,0.005877031
Jordan,1970,JOR,0.006332864
Jordan,1980,JOR,0.01562109
Jordan,1990,JOR,0.02170783
Jordan,2000,JOR,0.02100072
Kazakhstan,1850,KAZ,0.000380052
Kazakhstan,1860,KAZ,0.000386629
Kazakhstan,1870,KAZ,0.000440244
Kazakhstan,1880,KAZ,0.00052065
Kazakhstan,1890,KAZ,0.000922168
Kazakhstan,1900,KAZ,0.001690567
Kazakhstan,1910,KAZ,0.00145475
Kazakhstan,1920,KAZ,0.000702073
Kazakhstan,1930,KAZ,0.010779491
Kazakhstan,1940,KAZ,0.041140659
Kazakhstan,1950,KAZ,0.064131064
Kazakhstan,1960,KAZ,0.189592023
Kazakhstan,1970,KAZ,0.177194807
Kazakhstan,1980,KAZ,0.145079055
Kazakhstan,1990,KAZ,0.146816994
Kazakhstan,2000,KAZ,0.118127352
Kenya,1850,KEN,7.73028E-05
Kenya,1860,KEN,7.42404E-05
Kenya,1870,KEN,7.62637E-05
Kenya,1880,KEN,8.05147E-05
Kenya,1890,KEN,8.43073E-05
Kenya,1900,KEN,8.69129E-05
Kenya,1910,KEN,8.63652E-05
Kenya,1920,KEN,9.90954E-05
Kenya,1930,KEN,0.000113637
Kenya,1940,KEN,0.000130242
Kenya,1950,KEN,0.001176157
Kenya,1960,KEN,0.0024042
Kenya,1970,KEN,0.001881125
Kenya,1980,KEN,0.002250171
Kenya,1990,KEN,0.001781054
Kenya,2000,KEN,0.00212172
Kuwait,1850,KWT,0.000109935
Kuwait,1860,KWT,0.000114417
Kuwait,1870,KWT,0.000114417
Kuwait,1880,KWT,0.000114417
Kuwait,1890,KWT,0.000114417
Kuwait,1900,KWT,0.000114417
Kuwait,1910,KWT,9.53476E-05
Kuwait,1920,KWT,0.000747579
Kuwait,1930,KWT,0.002356311
Kuwait,1940,KWT,0.004453131
Kuwait,1950,KWT,0.262449134
Kuwait,1960,KWT,0.278071569
Kuwait,1970,KWT,0.22722805
Kuwait,1980,KWT,0.117901928
Kuwait,1990,KWT,0.049570715
Kuwait,2000,KWT,0.130300004
Kyrgyzstan,1850,KGZ,0.000310287
Kyrgyzstan,1860,KGZ,0.0003098
Kyrgyzstan,1870,KGZ,0.000327794
Kyrgyzstan,1880,KGZ,0.000343876
Kyrgyzstan,1890,KGZ,0.000417212
Kyrgyzstan,1900,KGZ,0.000580416
Kyrgyzstan,1910,KGZ,0.000493318
Kyrgyzstan,1920,KGZ,0.000334506
Kyrgyzstan,1930,KGZ,0.000567516
Kyrgyzstan,1940,KGZ,0.000897673
Kyrgyzstan,1950,KGZ,0.000743977
Kyrgyzstan,1960,KGZ,0.021609563
Kyrgyzstan,1970,KGZ,0.023990591
Kyrgyzstan,1980,KGZ,0.026990123
Kyrgyzstan,1990,KGZ,0.02131886
Kyrgyzstan,2000,KGZ,0.004355259
Latvia,1850,LVA,0.000641149
Latvia,1860,LVA,0.000612299
Latvia,1870,LVA,0.000690599
Latvia,1880,LVA,0.001000952
Latvia,1890,LVA,0.001619406
Latvia,1900,LVA,0.003167574
Latvia,1910,LVA,0.002762588
Latvia,1920,LVA,0.001297565
Latvia,1930,LVA,0.003843819
Latvia,1940,LVA,0.009145051
Latvia,1950,LVA,0.011336697
Latvia,1960,LVA,0.022169806
Latvia,1970,LVA,0.034141375
Latvia,1980,LVA,0.046075543
Latvia,1990,LVA,0.03808255
Latvia,2000,LVA,0.004048412
Lebanon,1850,LBN,0.000148493
Lebanon,1860,LBN,0.000148493
Lebanon,1870,LBN,0.000148493
Lebanon,1880,LBN,0.000148493
Lebanon,1890,LBN,0.000148493
Lebanon,1900,LBN,0.000148493
Lebanon,1910,LBN,0.000129031
Lebanon,1920,LBN,0.000109561
Lebanon,1930,LBN,9.01014E-05
Lebanon,1940,LBN,0.000683517
Lebanon,1950,LBN,0.005448335
Lebanon,1960,LBN,0.006747659
Lebanon,1970,LBN,0.007730132
Lebanon,1980,LBN,0.01446926
Lebanon,1990,LBN,0.01311649
Lebanon,2000,LBN,0.024471793
Libya,1850,LBY,0.000101394
Libya,1860,LBY,0.000101371
Libya,1870,LBY,0.000104422
Libya,1880,LBY,0.00011372
Libya,1890,LBY,0.000116662
Libya,1900,LBY,0.000110167
Libya,1910,LBY,9.69181E-05
Libya,1920,LBY,8.36689E-05
Libya,1930,LBY,7.04197E-05
Libya,1940,LBY,6.82995E-05
Libya,1950,LBY,0.00029102
Libya,1960,LBY,0.001152077
Libya,1970,LBY,0.082001409
Libya,1980,LBY,0.041352131
Libya,1990,LBY,0.027602809
Libya,2000,LBY,0.019038929
Lithuania,1850,LTU,0.000643485
Lithuania,1860,LTU,0.000624734
Lithuania,1870,LTU,0.000747915
Lithuania,1880,LTU,0.001266508
Lithuania,1890,LTU,0.002357433
Lithuania,1900,LTU,0.004947331
Lithuania,1910,LTU,0.004233903
Lithuania,1920,LTU,0.00189753
Lithuania,1930,LTU,0.005947793
Lithuania,1940,LTU,0.01411285
Lithuania,1950,LTU,0.016970859
Lithuania,1960,LTU,0.034444142
Lithuania,1970,LTU,0.055016795
Lithuania,1980,LTU,0.071376096
Lithuania,1990,LTU,0.057908327
Lithuania,2000,LTU,0.012628938
Luxembourg,1850,LUX,0.0001
Luxembourg,1860,LUX,0.0001
Luxembourg,1870,LUX,0.0001
Luxembourg,1880,LUX,0.0001
Luxembourg,1890,LUX,0.0001
Luxembourg,1900,LUX,0.0001
Luxembourg,1910,LUX,8.75584E-05
Luxembourg,1920,LUX,7.51168E-05
Luxembourg,1930,LUX,6.26752E-05
Luxembourg,1940,LUX,5.02337E-05
Luxembourg,1950,LUX,0.002154323
Luxembourg,1960,LUX,0.035056975
Luxembourg,1970,LUX,0.12383833
Luxembourg,1980,LUX,0.070079471
Luxembourg,1990,LUX,0.068087781
Luxembourg,2000,LUX,0.009860158
Macedonia,1850,MKD,0.000460514
Macedonia,1860,MKD,0.000447722
Macedonia,1870,MKD,0.000440999
Macedonia,1880,MKD,0.000434378
Macedonia,1890,MKD,0.000428229
Macedonia,1900,MKD,0.000441095
Macedonia,1910,MKD,0.000403573
Macedonia,1920,MKD,0.000624941
Macedonia,1930,MKD,0.004715487
Macedonia,1940,MKD,0.005309814
Macedonia,1950,MKD,0.020127632
Macedonia,1960,MKD,0.033789059
Macedonia,1970,MKD,0.044409979
Macedonia,1980,MKD,0.076199422
Macedonia,1990,MKD,0.079228352
Macedonia,2000,MKD,0.049034731
Malaysia,1850,MYS,0.000106
Malaysia,1860,MYS,0.000102308
Malaysia,1870,MYS,0.0001
Malaysia,1880,MYS,0.000153506
Malaysia,1890,MYS,0.00014413
Malaysia,1900,MYS,0.000200825
Malaysia,1910,MYS,0.000177032
Malaysia,1920,MYS,0.000266915
Malaysia,1930,MYS,0.000168501
Malaysia,1940,MYS,0.000212369
Malaysia,1950,MYS,0.000957239
Malaysia,1960,MYS,0.00084378
Malaysia,1970,MYS,0.002145547
Malaysia,1980,MYS,0.003105277
Malaysia,1990,MYS,0.005450757
Malaysia,2000,MYS,0.006333067
Malta,1850,MLT,0.000139723
Malta,1860,MLT,0.000132327
Malta,1870,MLT,0.000127099
Malta,1880,MLT,0.000122824
Malta,1890,MLT,0.000119317
Malta,1900,MLT,0.000116439
Malta,1910,MLT,0.000240805
Malta,1920,MLT,0.000353576
Malta,1930,MLT,0.000458015
Malta,1940,MLT,0.000557138
Malta,1950,MLT,0.020970108
Malta,1960,MLT,0.034593672
Malta,1970,MLT,0.065869136
Malta,1980,MLT,0.091474888
Malta,1990,MLT,0.081371563
Malta,2000,MLT,0.068031547
Mexico,1850,MEX,0.000163396
Mexico,1860,MEX,0.00016507
Mexico,1870,MEX,0.000168443
Mexico,1880,MEX,0.000168918
Mexico,1890,MEX,0.001397345
Mexico,1900,MEX,0.00380645
Mexico,1910,MEX,0.014405013
Mexico,1920,MEX,0.017690005
Mexico,1930,MEX,0.019998772
Mexico,1940,MEX,0.020532698
Mexico,1950,MEX,0.023724624
Mexico,1960,MEX,0.020214012
Mexico,1970,MEX,0.019314165
Mexico,1980,MEX,0.029087369
Mexico,1990,MEX,0.032722938
Mexico,2000,MEX,0.030047187
Moldova,1850,MDA,0.000241007
Moldova,1860,MDA,0.00022409
Moldova,1870,MDA,0.000234409
Moldova,1880,MDA,0.000305616
Moldova,1890,MDA,0.000602899
Moldova,1900,MDA,0.001232036
Moldova,1910,MDA,0.001006482
Moldova,1920,MDA,0.000551363
Moldova,1930,MDA,0.001464225
Moldova,1940,MDA,0.002629977
Moldova,1950,MDA,0.003810214
Moldova,1960,MDA,0.045796026
Moldova,1970,MDA,0.059672353
Moldova,1980,MDA,0.07688839
Moldova,1990,MDA,0.040167371
Moldova,2000,MDA,0.003177271
Mongolia,1850,MNG,0.000301493
Mongolia,1860,MNG,0.000301493
Mongolia,1870,MNG,0.000301493
Mongolia,1880,MNG,0.000301493
Mongolia,1890,MNG,0.000301493
Mongolia,1900,MNG,0.000301493
Mongolia,1910,MNG,0.000258822
Mongolia,1920,MNG,0.000216152
Mongolia,1930,MNG,0.000173482
Mongolia,1940,MNG,0.000130811
Mongolia,1950,MNG,9.14951E-05
Mongolia,1960,MNG,0.000193472
Mongolia,1970,MNG,0.000290143
Mongolia,1980,MNG,0.000420319
Mongolia,1990,MNG,0.046528381
Mongolia,2000,MNG,0.02772298
Morocco,1850,MAR,0.000134695
Morocco,1860,MAR,0.000128364
Morocco,1870,MAR,0.000124389
Morocco,1880,MAR,0.000124819
Morocco,1890,MAR,0.00012488
Morocco,1900,MAR,0.000124835
Morocco,1910,MAR,0.000104899
Morocco,1920,MAR,8.49754E-05
Morocco,1930,MAR,6.78764E-05
Morocco,1940,MAR,0.000658982
Morocco,1950,MAR,0.004289057
Morocco,1960,MAR,0.003581699
Morocco,1970,MAR,0.004197717
Morocco,1980,MAR,0.008344146
Morocco,1990,MAR,0.009946779
Morocco,2000,MAR,0.011710952
Mozambique,1850,MOZ,0.000171922
Mozambique,1860,MOZ,0.000170276
Mozambique,1870,MOZ,0.000184326
Mozambique,1880,MOZ,0.000198894
Mozambique,1890,MOZ,0.00021278
Mozambique,1900,MOZ,0.000230535
Mozambique,1910,MOZ,0.000230235
Mozambique,1920,MOZ,0.000229936
Mozambique,1930,MOZ,0.00028047
Mozambique,1940,MOZ,0.000294871
Mozambique,1950,MOZ,0.000583364
Mozambique,1960,MOZ,0.002020383
Mozambique,1970,MOZ,0.002364589
Mozambique,1980,MOZ,0.001699529
Mozambique,1990,MOZ,0.000701241
Mozambique,2000,MOZ,0.000757665
Myanmar,1850,MMR,0.0000983
Myanmar,1860,MMR,9.18764E-05
Myanmar,1870,MMR,8.66327E-05
Myanmar,1880,MMR,0.000109673
Myanmar,1890,MMR,0.000129139
Myanmar,1900,MMR,0.000162803
Myanmar,1910,MMR,0.000164417
Myanmar,1920,MMR,0.000633615
Myanmar,1930,MMR,0.003862965
Myanmar,1940,MMR,0.003681119
Myanmar,1950,MMR,0.000304818
Myanmar,1960,MMR,0.001036645
Myanmar,1970,MMR,0.001248933
Myanmar,1980,MMR,0.001053198
Myanmar,1990,MMR,0.000449613
Myanmar,2000,MMR,0.000634181
Namibia,1850,NAM,4.46828E-05
Namibia,1860,NAM,4.72382E-05
Namibia,1870,NAM,5.11243E-05
Namibia,1880,NAM,7.11165E-05
Namibia,1890,NAM,7.57659E-05
Namibia,1900,NAM,7.88786E-05
Namibia,1910,NAM,7.76628E-05
Namibia,1920,NAM,7.56997E-05
Namibia,1930,NAM,7.27156E-05
Namibia,1940,NAM,6.83444E-05
Namibia,1950,NAM,6.20989E-05
Namibia,1960,NAM,4.66179E-05
Namibia,1970,NAM,4.63167E-05
Namibia,1980,NAM,0.096288955
Namibia,1990,NAM,0.057103168
Namibia,2000,NAM,0.020479245
Nepal,1850,NPL,0.000158556
Nepal,1860,NPL,0.000169874
Nepal,1870,NPL,0.000193687
Nepal,1880,NPL,0.000204765
Nepal,1890,NPL,0.000238125
Nepal,1900,NPL,0.000259863
Nepal,1910,NPL,0.00024916
Nepal,1920,NPL,0.000253623
Nepal,1930,NPL,0.000242356
Nepal,1940,NPL,0.000231017
Nepal,1950,NPL,0.000252473
Nepal,1960,NPL,0.000342397
Nepal,1970,NPL,0.000410797
Nepal,1980,NPL,0.00070099
Nepal,1990,NPL,0.000791756
Nepal,2000,NPL,0.001763179
Netherlands,1850,NLD,0.007348817
Netherlands,1860,NLD,0.010338024
Netherlands,1870,NLD,0.009835386
Netherlands,1880,NLD,0.014129388
Netherlands,1890,NLD,0.015850788
Netherlands,1900,NLD,0.019793021
Netherlands,1910,NLD,0.024621788
Netherlands,1920,NLD,0.020754063
Netherlands,1930,NLD,0.040381246
Netherlands,1940,NLD,0.028747656
Netherlands,1950,NLD,0.037899417
Netherlands,1960,NLD,0.055734276
Netherlands,1970,NLD,0.064738887
Netherlands,1980,NLD,0.034629445
Netherlands,1990,NLD,0.012421806
Netherlands,2000,NLD,0.004485147
"New Zealand",1850,NZL,0.00011142
"New Zealand",1860,NZL,0.000110951
"New Zealand",1870,NZL,0.000569133
"New Zealand",1880,NZL,0.014203771
"New Zealand",1890,NZL,0.021913016
"New Zealand",1900,NZL,0.029727648
"New Zealand",1910,NZL,0.049028363
"New Zealand",1920,NZL,0.034140026
"New Zealand",1930,NZL,0.039813354
"New Zealand",1940,NZL,0.034119779
"New Zealand",1950,NZL,0.035671529
"New Zealand",1960,NZL,0.034974401
"New Zealand",1970,NZL,0.036263335
"New Zealand",1980,NZL,0.024038169
"New Zealand",1990,NZL,0.016011895
"New Zealand",2000,NZL,0.016506381
Nicaragua,1850,NIC,0.0001
Nicaragua,1860,NIC,0.0001
Nicaragua,1870,NIC,0.0001
Nicaragua,1880,NIC,0.0001
Nicaragua,1890,NIC,0.0001
Nicaragua,1900,NIC,0.000114045
Nicaragua,1910,NIC,0.000127066
Nicaragua,1920,NIC,0.000140087
Nicaragua,1930,NIC,0.000153108
Nicaragua,1940,NIC,0.000166129
Nicaragua,1950,NIC,0.001604453
Nicaragua,1960,NIC,0.003141678
Nicaragua,1970,NIC,0.00551147
Nicaragua,1980,NIC,0.004884853
Nicaragua,1990,NIC,0.004377833
Nicaragua,2000,NIC,0.005704851
Nigeria,1850,NGA,7.23691E-05
Nigeria,1860,NGA,7.88086E-05
Nigeria,1870,NGA,8.6006E-05
Nigeria,1880,NGA,9.60644E-05
Nigeria,1890,NGA,0.000106458
Nigeria,1900,NGA,0.000116131
Nigeria,1910,NGA,0.000129037
Nigeria,1920,NGA,0.000281938
Nigeria,1930,NGA,0.000426225
Nigeria,1940,NGA,0.000448682
Nigeria,1950,NGA,0.000684335
Nigeria,1960,NGA,0.00078838
Nigeria,1970,NGA,0.004869819
Nigeria,1980,NGA,0.006993579
Nigeria,1990,NGA,0.004722584
Nigeria,2000,NGA,0.004377776
"North Korea",1850,PRK,0.001042923
"North Korea",1860,PRK,0.000996232
"North Korea",1870,PRK,0.000979346
"North Korea",1880,PRK,0.001039875
"North Korea",1890,PRK,0.001101159
"North Korea",1900,PRK,0.001158168
"North Korea",1910,PRK,0.001070055
"North Korea",1920,PRK,0.001021346
"North Korea",1930,PRK,0.001164854
"North Korea",1940,PRK,0.00325177
"North Korea",1950,PRK,0.001411628
"North Korea",1960,PRK,0.011464887
"North Korea",1970,PRK,0.016143705
"North Korea",1980,PRK,0.026509985
"North Korea",1990,PRK,0.026437248
"North Korea",2000,PRK,0.015092239
Norway,1850,NOR,0.002331417
Norway,1860,NOR,0.003279011
Norway,1870,NOR,0.004544099
Norway,1880,NOR,0.007139502
Norway,1890,NOR,0.012047742
Norway,1900,NOR,0.020408057
Norway,1910,NOR,0.036084044
Norway,1920,NOR,0.02723502
Norway,1930,NOR,0.049002596
Norway,1940,NOR,0.038279473
Norway,1950,NOR,0.053746181
Norway,1960,NOR,0.059088685
Norway,1970,NOR,0.079239542
Norway,1980,NOR,0.043918419
Norway,1990,NOR,0.01233766
Norway,2000,NOR,0.006025922
Oman,1850,OMN,0.000148493
Oman,1860,OMN,0.000148493
Oman,1870,OMN,0.000148493
Oman,1880,OMN,0.000148493
Oman,1890,OMN,0.000148493
Oman,1900,OMN,0.000148493
Oman,1910,OMN,0.000123744
Oman,1920,OMN,9.89952E-05
Oman,1930,OMN,7.42464E-05
Oman,1940,OMN,4.94976E-05
Oman,1950,OMN,2.47488E-05
Oman,1970,OMN,0.009177585
Oman,1980,OMN,0.008386351
Oman,1990,OMN,0.035069489
Oman,2000,OMN,0.054363077
Pakistan,1850,PAK,0.000218151
Pakistan,1860,PAK,0.000232379
Pakistan,1870,PAK,0.000237632
Pakistan,1880,PAK,0.000243026
Pakistan,1890,PAK,0.000248621
Pakistan,1900,PAK,0.000256948
Pakistan,1910,PAK,0.000256301
Pakistan,1920,PAK,0.000246292
Pakistan,1930,PAK,0.000244744
Pakistan,1940,PAK,0.000241706
Pakistan,1950,PAK,0.001279861
Pakistan,1960,PAK,0.002659316
Pakistan,1970,PAK,0.002250695
Pakistan,1980,PAK,0.001939647
Pakistan,1990,PAK,0.004474686
Pakistan,2000,PAK,0.00655697
Panama,1850,PAN,0.0001
Panama,1860,PAN,0.0001
Panama,1870,PAN,0.0001
Panama,1880,PAN,0.0001
Panama,1890,PAN,0.0001
Panama,1900,PAN,0.0001
Panama,1910,PAN,0.000108751
Panama,1920,PAN,0.000117501
Panama,1930,PAN,0.000126252
Panama,1940,PAN,0.000135003
Panama,1950,PAN,0.000152887
Panama,1960,PAN,0.000185359
Panama,1970,PAN,0.000277289
Panama,1980,PAN,0.011778254
Panama,1990,PAN,0.00634877
Panama,2000,PAN,0.009021819
Paraguay,1850,PRY,8.47251E-05
Paraguay,1860,PRY,9.36098E-05
Paraguay,1870,PRY,0.00010766
Paraguay,1880,PRY,0.000114538
Paraguay,1890,PRY,0.00013041
Paraguay,1900,PRY,0.000154959
Paraguay,1910,PRY,0.000163403
Paraguay,1920,PRY,0.000180887
Paraguay,1930,PRY,0.000205787
Paraguay,1940,PRY,0.00024253
Paraguay,1950,PRY,0.000624259
Paraguay,1960,PRY,0.001477456
Paraguay,1970,PRY,0.002256711
Paraguay,1980,PRY,0.002515385
Paraguay,1990,PRY,0.002408545
Paraguay,2000,PRY,0.002496003
Peru,1850,PER,0.0001
Peru,1860,PER,9.9946E-05
Peru,1870,PER,9.99045E-05
Peru,1880,PER,9.99289E-05
Peru,1890,PER,0.000953228
Peru,1900,PER,0.00187348
Peru,1910,PER,0.012494839
Peru,1920,PER,0.013510164
Peru,1930,PER,0.018189368
Peru,1940,PER,0.013506339
Peru,1950,PER,0.012760638
Peru,1960,PER,0.047172021
Peru,1970,PER,0.044198864
Peru,1980,PER,0.053412579
Peru,1990,PER,0.030988803
Peru,2000,PER,0.042328001
Philippines,1850,PHL,0.000147694
Philippines,1860,PHL,0.000147039
Philippines,1870,PHL,0.000152466
Philippines,1880,PHL,0.000160451
Philippines,1890,PHL,0.000170032
Philippines,1900,PHL,0.000177935
Philippines,1910,PHL,0.000212966
Philippines,1920,PHL,0.000229747
Philippines,1930,PHL,0.000154913
Philippines,1940,PHL,0.000176399
Philippines,1950,PHL,0.001633467
Philippines,1960,PHL,0.002729446
Philippines,1970,PHL,0.005655975
Philippines,1980,PHL,0.00636258
Philippines,1990,PHL,0.005955154
Philippines,2000,PHL,0.006117011
Poland,1850,POL,0.001606926
Poland,1860,POL,0.003059231
Poland,1870,POL,0.005821518
Poland,1880,POL,0.007722883
Poland,1890,POL,0.010541212
Poland,1900,POL,0.014558743
Poland,1910,POL,0.019605791
Poland,1920,POL,0.017652998
Poland,1930,POL,0.028779696
Poland,1940,POL,0.044792983
Poland,1950,POL,0.042059602
Poland,1960,POL,0.060921605
Poland,1970,POL,0.083586536
Poland,1980,POL,0.115252217
Poland,1990,POL,0.090154895
Poland,2000,POL,0.038834628
Portugal,1850,PRT,0.000263063
Portugal,1860,PRT,0.000247585
Portugal,1870,PRT,0.000255342
Portugal,1880,PRT,0.000729652
Portugal,1890,PRT,0.002088097
Portugal,1900,PRT,0.002629415
Portugal,1910,PRT,0.004113809
Portugal,1920,PRT,0.0028206
Portugal,1930,PRT,0.004944925
Portugal,1940,PRT,0.004118209
Portugal,1950,PRT,0.005540275
Portugal,1960,PRT,0.008630167
Portugal,1970,PRT,0.015347362
Portugal,1980,PRT,0.027236476
Portugal,1990,PRT,0.032055313
Portugal,2000,PRT,0.03002115
Qatar,1850,QAT,0.000148493
Qatar,1860,QAT,0.000148493
Qatar,1870,QAT,0.000148493
Qatar,1880,QAT,0.000148493
Qatar,1890,QAT,0.000148493
Qatar,1900,QAT,0.000148493
Qatar,1910,QAT,0.00027251
Qatar,1920,QAT,0.001815493
Qatar,1930,QAT,0.005092877
Qatar,1940,QAT,0.008884069
Qatar,1950,QAT,0.101380486
Qatar,1960,QAT,0.162580005
Qatar,1970,QAT,0.149963142
Qatar,1980,QAT,0.101640593
Qatar,1990,QAT,0.049962333
Qatar,2000,QAT,0.055507935
Romania,1850,ROU,0.00010585
Romania,1860,ROU,0.000116961
Romania,1870,ROU,0.00013774
Romania,1880,ROU,0.000151668
Romania,1890,ROU,0.00267499
Romania,1900,ROU,0.002565831
Romania,1910,ROU,0.004520525
Romania,1920,ROU,0.005798938
Romania,1930,ROU,0.009440146
Romania,1940,ROU,0.016348897
Romania,1950,ROU,0.014106329
Romania,1960,ROU,0.025173417
Romania,1970,ROU,0.055508272
Romania,1980,ROU,0.047519549
Romania,1990,ROU,0.056449174
Romania,2000,ROU,0.032858656
Russia,1850,RUS,0.001029329
Russia,1860,RUS,0.00088805
Russia,1870,RUS,0.001121538
Russia,1880,RUS,0.001529964
Russia,1890,RUS,0.001966677
Russia,1900,RUS,0.003882732
Russia,1910,RUS,0.00437407
Russia,1920,RUS,0.00147191
Russia,1930,RUS,0.005676844
Russia,1940,RUS,0.016810251
Russia,1950,RUS,0.024976267
Russia,1960,RUS,0.047904463
Russia,1970,RUS,0.06078608
Russia,1980,RUS,0.073153734
Russia,1990,RUS,0.071805691
Russia,2000,RUS,0.043310492
"Saudi Arabia",1850,SAU,0.000148493
"Saudi Arabia",1860,SAU,0.000148493
"Saudi Arabia",1870,SAU,0.000148493
"Saudi Arabia",1880,SAU,0.000148493
"Saudi Arabia",1890,SAU,0.000148493
"Saudi Arabia",1900,SAU,0.000148493
"Saudi Arabia",1910,SAU,0.000123771
"Saudi Arabia",1920,SAU,0.000183008
"Saudi Arabia",1930,SAU,0.000351418
"Saudi Arabia",1940,SAU,0.004443515
"Saudi Arabia",1950,SAU,0.018225569
"Saudi Arabia",1960,SAU,0.011275944
"Saudi Arabia",1970,SAU,0.022580771
"Saudi Arabia",1980,SAU,0.088980345
"Saudi Arabia",1990,SAU,0.049818034
"Saudi Arabia",2000,SAU,0.069016858
Senegal,1850,SEN,0.000113798
Senegal,1860,SEN,0.000113798
Senegal,1870,SEN,0.000113798
Senegal,1880,SEN,0.000126427
Senegal,1890,SEN,0.00014226
Senegal,1900,SEN,0.000158595
Senegal,1910,SEN,0.00014064
Senegal,1920,SEN,0.000122684
Senegal,1930,SEN,0.000104728
Senegal,1940,SEN,8.67729E-05
Senegal,1950,SEN,6.88173E-05
Senegal,1960,SEN,0.002741392
Senegal,1970,SEN,0.0028977
Senegal,1980,SEN,0.004107068
Senegal,1990,SEN,0.003129453
Senegal,2000,SEN,0.003256158
Singapore,1850,SGP,0.0001
Singapore,1860,SGP,0.0001
Singapore,1870,SGP,0.0001
Singapore,1880,SGP,0.0001
Singapore,1890,SGP,0.0001
Singapore,1900,SGP,0.0001
Singapore,1910,SGP,8.33333E-05
Singapore,1920,SGP,6.66667E-05
Singapore,1930,SGP,0.00005
Singapore,1940,SGP,3.33333E-05
Singapore,1950,SGP,1.66667E-05
Singapore,1960,SGP,0.003305746
Singapore,1970,SGP,0.029993217
Singapore,1980,SGP,0.054546485
Singapore,1990,SGP,0.104709611
Singapore,2000,SGP,0.075444971
Slovakia,1850,SVK,0.000287668
Slovakia,1860,SVK,0.000413196
Slovakia,1870,SVK,0.003045407
Slovakia,1880,SVK,0.011100609
Slovakia,1890,SVK,0.018147353
Slovakia,1900,SVK,0.022338307
Slovakia,1910,SVK,0.02525458
Slovakia,1920,SVK,0.021585694
Slovakia,1930,SVK,0.029240685
Slovakia,1940,SVK,0.035318463
Slovakia,1950,SVK,0.042733178
Slovakia,1960,SVK,0.076518275
Slovakia,1970,SVK,0.11230314
Slovakia,1980,SVK,0.156739906
Slovakia,1990,SVK,0.103116908
Slovakia,2000,SVK,0.023603137
Slovenia,1850,SVN,0.000500001
Slovenia,1860,SVN,0.000500001
Slovenia,1870,SVN,0.000500001
Slovenia,1880,SVN,0.000500005
Slovenia,1890,SVN,0.000502359
Slovenia,1900,SVN,0.00062612
Slovenia,1910,SVN,0.000748171
Slovenia,1920,SVN,0.002327782
Slovenia,1930,SVN,0.006711531
Slovenia,1940,SVN,0.003842137
Slovenia,1950,SVN,0.02124683
Slovenia,1960,SVN,0.052761913
Slovenia,1970,SVN,0.088428132
Slovenia,1980,SVN,0.127826881
Slovenia,1990,SVN,0.10285565
Slovenia,2000,SVN,0.049842184
"South Africa",1850,ZAF,0.004763827
"South Africa",1860,ZAF,0.002543762
"South Africa",1870,ZAF,0.002091171
"South Africa",1880,ZAF,0.004748888
"South Africa",1890,ZAF,0.006877383
"South Africa",1900,ZAF,0.007148113
"South Africa",1910,ZAF,0.030694873
"South Africa",1920,ZAF,0.039640434
"South Africa",1930,ZAF,0.029551384
"South Africa",1940,ZAF,0.038578817
"South Africa",1950,ZAF,0.042987354
"South Africa",1960,ZAF,0.047893489
"South Africa",1970,ZAF,0.066239728
"South Africa",1980,ZAF,0.063960704
"South Africa",1990,ZAF,0.062143299
"South Africa",2000,ZAF,0.053306026
"South Korea",1850,KOR,0.000275553
"South Korea",1860,KOR,0.000277203
"South Korea",1870,KOR,0.000278895
"South Korea",1880,KOR,0.000270429
"South Korea",1890,KOR,0.000274617
"South Korea",1900,KOR,0.000278862
"South Korea",1910,KOR,0.000285741
"South Korea",1920,KOR,0.000388516
"South Korea",1930,KOR,0.000628657
"South Korea",1940,KOR,0.002862594
"South Korea",1950,KOR,0.001112117
"South Korea",1960,KOR,0.005219477
"South Korea",1970,KOR,0.017651113
"South Korea",1980,KOR,0.033904739
"South Korea",1990,KOR,0.034322961
"South Korea",2000,KOR,0.020300556
Spain,1850,ESP,0.001527837
Spain,1860,ESP,0.0029253
Spain,1870,ESP,0.004210788
Spain,1880,ESP,0.008172498
Spain,1890,ESP,0.012585412
Spain,1900,ESP,0.017312428
Spain,1910,ESP,0.018629035
Spain,1920,ESP,0.016020543
Spain,1930,ESP,0.014587442
Spain,1940,ESP,0.010654413
Spain,1950,ESP,0.016231867
Spain,1960,ESP,0.020440653
Spain,1970,ESP,0.042386574
Spain,1980,ESP,0.075572436
Spain,1990,ESP,0.055660143
Spain,2000,ESP,0.036040579
"Sri Lanka",1850,LKA,0.000148493
"Sri Lanka",1860,LKA,0.000148493
"Sri Lanka",1870,LKA,0.000148493
"Sri Lanka",1880,LKA,0.000145713
"Sri Lanka",1890,LKA,0.000148493
"Sri Lanka",1900,LKA,0.000148493
"Sri Lanka",1910,LKA,0.000157849
"Sri Lanka",1920,LKA,0.000167205
"Sri Lanka",1930,LKA,0.000177379
"Sri Lanka",1940,LKA,0.000186996
"Sri Lanka",1950,LKA,0.001098561
"Sri Lanka",1960,LKA,0.002438638
"Sri Lanka",1970,LKA,0.00338513
"Sri Lanka",1980,LKA,0.003346247
"Sri Lanka",1990,LKA,0.002573981
"Sri Lanka",2000,LKA,0.007375669
Sweden,1850,SWE,0.003558426
Sweden,1860,SWE,0.004152347
Sweden,1870,SWE,0.004652146
Sweden,1880,SWE,0.005979841
Sweden,1890,SWE,0.009332898
Sweden,1900,SWE,0.015801192
Sweden,1910,SWE,0.023326848
Sweden,1920,SWE,0.021406381
Sweden,1930,SWE,0.043117574
Sweden,1940,SWE,0.039249431
Sweden,1950,SWE,0.061028975
Sweden,1960,SWE,0.101827326
Sweden,1970,SWE,0.105150736
Sweden,1980,SWE,0.059082119
Sweden,1990,SWE,0.012602191
Sweden,2000,SWE,0.005156791
Switzerland,1850,CHE,0.000902669
Switzerland,1860,CHE,0.001687248
Switzerland,1870,CHE,0.003108427
Switzerland,1880,CHE,0.00472376
Switzerland,1890,CHE,0.007963668
Switzerland,1900,CHE,0.012199799
Switzerland,1910,CHE,0.014757665
Switzerland,1920,CHE,0.012932883
Switzerland,1930,CHE,0.016223806
Switzerland,1940,CHE,0.014065275
Switzerland,1950,CHE,0.019500126
Switzerland,1960,CHE,0.034763219
Switzerland,1970,CHE,0.035124884
Switzerland,1980,CHE,0.018357169
Switzerland,1990,CHE,0.006715311
Switzerland,2000,CHE,0.002764666
Syria,1850,SYR,0.000259863
Syria,1860,SYR,0.000259863
Syria,1870,SYR,0.000259863
Syria,1880,SYR,0.000259863
Syria,1890,SYR,0.000259863
Syria,1900,SYR,0.000259863
Syria,1910,SYR,0.000216577
Syria,1920,SYR,0.000173291
Syria,1930,SYR,0.000130005
Syria,1940,SYR,8.67191E-05
Syria,1950,SYR,0.000865296
Syria,1960,SYR,0.005230629
Syria,1970,SYR,0.00758234
Syria,1980,SYR,0.013581125
Syria,1990,SYR,0.019662726
Syria,2000,SYR,0.017156143
Tajikistan,1850,TJK,0.000326378
Tajikistan,1860,TJK,0.000313775
Tajikistan,1870,TJK,0.00034694
Tajikistan,1880,TJK,0.000395695
Tajikistan,1890,TJK,0.000466571
Tajikistan,1900,TJK,0.000688039
Tajikistan,1910,TJK,0.000680386
Tajikistan,1920,TJK,0.000420398
Tajikistan,1930,TJK,0.000884288
Tajikistan,1940,TJK,0.002361
Tajikistan,1950,TJK,0.003655568
Tajikistan,1960,TJK,0.00686787
Tajikistan,1970,TJK,0.009718489
Tajikistan,1980,TJK,0.011493882
Tajikistan,1990,TJK,0.010367797
Tajikistan,2000,TJK,0.003202656
Tanzania,1850,TZA,0.000118209
Tanzania,1860,TZA,0.000116819
Tanzania,1870,TZA,0.00012124
Tanzania,1880,TZA,0.000133228
Tanzania,1890,TZA,0.000146592
Tanzania,1900,TZA,0.000159882
Tanzania,1910,TZA,0.000161307
Tanzania,1920,TZA,0.000167626
Tanzania,1930,TZA,0.000173945
Tanzania,1940,TZA,0.000180264
Tanzania,1950,TZA,0.000376499
Tanzania,1960,TZA,0.000535461
Tanzania,1970,TZA,0.000684324
Tanzania,1980,TZA,0.000726291
Tanzania,1990,TZA,0.000713038
Tanzania,2000,TZA,0.000786155
Thailand,1850,THA,0.0002615
Thailand,1860,THA,0.000239239
Thailand,1870,THA,0.000222115
Thailand,1880,THA,0.000214569
Thailand,1890,THA,0.000208438
Thailand,1900,THA,0.000209143
Thailand,1910,THA,0.000180101
Thailand,1920,THA,0.000160202
Thailand,1930,THA,0.000140303
Thailand,1940,THA,0.000120403
Thailand,1950,THA,0.000359172
Thailand,1960,THA,0.001130094
Thailand,1970,THA,0.003003074
Thailand,1980,THA,0.006633093
Thailand,1990,THA,0.012157277
Thailand,2000,THA,0.015513303
Togo,1850,TGO,0.0001
Togo,1860,TGO,0.0001
Togo,1870,TGO,0.000111445
Togo,1880,TGO,0.000137506
Togo,1890,TGO,0.000165096
Togo,1900,TGO,0.000202643
Togo,1910,TGO,0.000187417
Togo,1920,TGO,0.000172191
Togo,1930,TGO,0.000156965
Togo,1940,TGO,0.000141739
Togo,1950,TGO,0.000226035
Togo,1960,TGO,0.000464922
Togo,1970,TGO,0.000961137
Togo,1980,TGO,0.000730897
Togo,1990,TGO,0.000760824
Togo,2000,TGO,0.000642497
"Trinidad and Tobago",1850,TTO,0.0001
"Trinidad and Tobago",1860,TTO,0.0001
"Trinidad and Tobago",1870,TTO,0.0001
"Trinidad and Tobago",1880,TTO,0.000106557
"Trinidad and Tobago",1890,TTO,0.000183927
"Trinidad and Tobago",1900,TTO,0.00031821
"Trinidad and Tobago",1910,TTO,0.000644098
"Trinidad and Tobago",1920,TTO,0.000718695
"Trinidad and Tobago",1930,TTO,0.00214163
"Trinidad and Tobago",1940,TTO,0.008428524
"Trinidad and Tobago",1950,TTO,0.008943243
"Trinidad and Tobago",1960,TTO,0.012504455
"Trinidad and Tobago",1970,TTO,0.01634196
"Trinidad and Tobago",1980,TTO,0.019043874
"Trinidad and Tobago",1990,TTO,0.014342986
"Trinidad and Tobago",2000,TTO,0.010978399
Tunisia,1850,TUN,0.000210835
Tunisia,1860,TUN,0.00021394
Tunisia,1870,TUN,0.000195746
Tunisia,1880,TUN,0.000186609
Tunisia,1890,TUN,0.000176143
Tunisia,1900,TUN,0.000164669
Tunisia,1910,TUN,0.000143172
Tunisia,1920,TUN,0.000415911
Tunisia,1930,TUN,0.002192805
Tunisia,1940,TUN,0.002398963
Tunisia,1950,TUN,0.004338011
Tunisia,1960,TUN,0.006418557
Tunisia,1970,TUN,0.010748959
Tunisia,1980,TUN,0.019451133
Tunisia,1990,TUN,0.019490198
Tunisia,2000,TUN,0.022210942
Turkey,1850,TUR,0.000432712
Turkey,1860,TUR,0.00044355
Turkey,1870,TUR,0.000548468
Turkey,1880,TUR,0.000530182
Turkey,1890,TUR,0.001693296
Turkey,1900,TUR,0.003226489
Turkey,1910,TUR,0.005510729
Turkey,1920,TUR,0.001841382
Turkey,1930,TUR,0.00446475
Turkey,1940,TUR,0.007280796
Turkey,1950,TUR,0.006918375
Turkey,1960,TUR,0.00703184
Turkey,1970,TUR,0.010547071
Turkey,1980,TUR,0.010354991
Turkey,1990,TUR,0.028049939
Turkey,2000,TUR,0.027687032
Turkmenistan,1850,TKM,0.00032623
Turkmenistan,1860,TKM,0.000313538
Turkmenistan,1870,TKM,0.00034665
Turkmenistan,1880,TKM,0.000443677
Turkmenistan,1890,TKM,0.000755652
Turkmenistan,1900,TKM,0.001467855
Turkmenistan,1910,TKM,0.001370422
Turkmenistan,1920,TKM,0.000711642
Turkmenistan,1930,TKM,0.002058019
Turkmenistan,1940,TKM,0.00470371
Turkmenistan,1950,TKM,0.005526054
Turkmenistan,1960,TKM,0.013421939
Turkmenistan,1970,TKM,0.024394645
Turkmenistan,1980,TKM,0.034152696
Turkmenistan,1990,TKM,0.032077124
Turkmenistan,2000,TKM,0.018882327
Ukraine,1850,UKR,0.000440686
Ukraine,1860,UKR,0.000507165
Ukraine,1870,UKR,0.000848451
Ukraine,1880,UKR,0.001707188
Ukraine,1890,UKR,0.002451413
Ukraine,1900,UKR,0.005290214
Ukraine,1910,UKR,0.005942785
Ukraine,1920,UKR,0.002269756
Ukraine,1930,UKR,0.008335477
Ukraine,1940,UKR,0.027524288
Ukraine,1950,UKR,0.043094567
Ukraine,1960,UKR,0.067568916
Ukraine,1970,UKR,0.077595851
Ukraine,1980,UKR,0.090515301
Ukraine,1990,UKR,0.079902668
Ukraine,2000,UKR,0.028616774
"United Arab Emirates",1850,ARE,0.000154696
"United Arab Emirates",1860,ARE,0.000154696
"United Arab Emirates",1870,ARE,0.000148446
"United Arab Emirates",1880,ARE,0.000142448
"United Arab Emirates",1890,ARE,0.000136693
"United Arab Emirates",1900,ARE,0.00013117
"United Arab Emirates",1910,ARE,0.000107008
"United Arab Emirates",1920,ARE,9.18637E-05
"United Arab Emirates",1930,ARE,7.52516E-05
"United Arab Emirates",1940,ARE,5.70744E-05
"United Arab Emirates",1950,ARE,0.000313293
"United Arab Emirates",1960,ARE,0.01271749
"United Arab Emirates",1970,ARE,0.053546162
"United Arab Emirates",1980,ARE,0.083810119
"United Arab Emirates",1990,ARE,0.089960034
"United Arab Emirates",2000,ARE,0.051113906
"United Kingdom",1850,GBR,0.041237279
"United Kingdom",1860,GBR,0.050741936
"United Kingdom",1870,GBR,0.060293935
"United Kingdom",1880,GBR,0.068663167
"United Kingdom",1890,GBR,0.075503367
"United Kingdom",1900,GBR,0.081965035
"United Kingdom",1910,GBR,0.086058535
"United Kingdom",1920,GBR,0.08815601
"United Kingdom",1930,GBR,0.087155025
"United Kingdom",1940,GBR,0.092930347
"United Kingdom",1950,GBR,0.091728607
"United Kingdom",1960,GBR,0.106891634
"United Kingdom",1970,GBR,0.114441212
"United Kingdom",1980,GBR,0.084797408
"United Kingdom",1990,GBR,0.064814677
"United Kingdom",2000,GBR,0.020317818
"United States",1850,USA,0.012897982
"United States",1860,USA,0.021904724
"United States",1870,USA,0.035044043
"United States",1880,USA,0.05247785
"United States",1890,USA,0.084450428
"United States",1900,USA,0.120002395
"United States",1910,USA,0.17248995
"United States",1920,USA,0.18278854
"United States",1930,USA,0.157655315
"United States",1940,USA,0.138769706
"United States",1950,USA,0.134431796
"United States",1960,USA,0.116136511
"United States",1970,USA,0.142397973
"United States",1980,USA,0.103602129
"United States",1990,USA,0.08234352
"United States",2000,USA,0.051484116
Uruguay,1850,URY,0.000213063
Uruguay,1860,URY,0.000213063
Uruguay,1870,URY,0.000213063
Uruguay,1880,URY,0.000213063
Uruguay,1890,URY,0.000213063
Uruguay,1900,URY,0.000197519
Uruguay,1910,URY,0.000179581
Uruguay,1920,URY,0.000161644
Uruguay,1930,URY,0.000143706
Uruguay,1940,URY,0.000129582
Uruguay,1950,URY,0.009403869
Uruguay,1960,URY,0.016601852
Uruguay,1970,URY,0.019396626
Uruguay,1980,URY,0.018413429
Uruguay,1990,URY,0.009266891
Uruguay,2000,URY,0.009143093
Uzbekistan,1850,UZB,0.000327888
Uzbekistan,1860,UZB,0.000321237
Uzbekistan,1870,UZB,0.00038313
Uzbekistan,1880,UZB,0.000507668
Uzbekistan,1890,UZB,0.000653376
Uzbekistan,1900,UZB,0.001142032
Uzbekistan,1910,UZB,0.001265191
Uzbekistan,1920,UZB,0.000603982
Uzbekistan,1930,UZB,0.003869129
Uzbekistan,1940,UZB,0.01687836
Uzbekistan,1950,UZB,0.02336527
Uzbekistan,1960,UZB,0.050226036
Uzbekistan,1970,UZB,0.035034123
Uzbekistan,1980,UZB,0.026726508
Uzbekistan,1990,UZB,0.017616381
Uzbekistan,2000,UZB,0.009145643
Venezuela,1850,VEN,0.003164071
Venezuela,1860,VEN,0.002608285
Venezuela,1870,VEN,0.003414385
Venezuela,1880,VEN,0.000216333
Venezuela,1890,VEN,0.000259134
Venezuela,1900,VEN,0.000359421
Venezuela,1910,VEN,0.000595501
Venezuela,1920,VEN,0.000554589
Venezuela,1930,VEN,0.002016417
Venezuela,1940,VEN,0.009202779
Venezuela,1950,VEN,0.0132036
Venezuela,1960,VEN,0.049583034
Venezuela,1970,VEN,0.033040325
Venezuela,1980,VEN,0.02202298
Venezuela,1990,VEN,0.014672187
Venezuela,2000,VEN,0.01229018
Vietnam,1850,VNM,0.000172196
Vietnam,1860,VNM,0.000180965
Vietnam,1870,VNM,0.000193481
Vietnam,1880,VNM,0.000183701
Vietnam,1890,VNM,0.000182946
Vietnam,1900,VNM,0.000369215
Vietnam,1910,VNM,0.000603814
Vietnam,1920,VNM,0.000696678
Vietnam,1930,VNM,0.001521013
Vietnam,1940,VNM,0.001998374
Vietnam,1950,VNM,0.000493228
Vietnam,1960,VNM,0.001257779
Vietnam,1970,VNM,0.001796354
Vietnam,1980,VNM,0.001766082
Vietnam,1990,VNM,0.001730172
Vietnam,2000,VNM,0.002540703
Yemen,1850,YEM,0.000148493
Yemen,1860,YEM,0.000148493
Yemen,1870,YEM,0.000148493
Yemen,1880,YEM,0.000149138
Yemen,1890,YEM,0.000148734
Yemen,1900,YEM,0.000148524
Yemen,1910,YEM,0.000124348
Yemen,1920,YEM,9.9356E-05
Yemen,1930,YEM,7.52921E-05
Yemen,1940,YEM,5.15464E-05
Yemen,1950,YEM,5.32922E-05
Yemen,1960,YEM,0.001307949
Yemen,1970,YEM,0.000819954
Yemen,1980,YEM,0.001130118
Yemen,1990,YEM,0.001484223
Yemen,2000,YEM,0.018570024
Zambia,1850,ZMB,0.000686624
Zambia,1860,ZMB,0.000657774
Zambia,1870,ZMB,0.000604078
Zambia,1880,ZMB,0.000554766
Zambia,1890,ZMB,0.000509479
Zambia,1900,ZMB,0.000467889
Zambia,1910,ZMB,0.00040652
Zambia,1920,ZMB,0.000368012
Zambia,1930,ZMB,0.021551823
Zambia,1940,ZMB,0.309239449
Zambia,1950,ZMB,0.237993467
Zambia,1960,ZMB,0.405957507
Zambia,1970,ZMB,0.372605195
Zambia,1980,ZMB,0.235662155
Zambia,1990,ZMB,0.076508549
Zambia,2000,ZMB,0.030584485
Zimbabwe,1850,ZWE,0.000167029
Zimbabwe,1860,ZWE,0.000178573
Zimbabwe,1870,ZWE,0.000190743
Zimbabwe,1880,ZWE,0.00020355
Zimbabwe,1890,ZWE,0.000217006
Zimbabwe,1900,ZWE,0.000231119
Zimbabwe,1910,ZWE,0.002646897
Zimbabwe,1920,ZWE,0.007201026
Zimbabwe,1930,ZWE,0.011435157
Zimbabwe,1940,ZWE,0.014035094
Zimbabwe,1950,ZWE,0.022778842
Zimbabwe,1960,ZWE,0.025659693
Zimbabwe,1970,ZWE,0.019491497
Zimbabwe,1980,ZWE,0.018702366
Zimbabwe,1990,ZWE,0.01786038
Zimbabwe,2000,ZWE,0.008993583
